Workbook

Sheet Executive Dashboard
B1: GIS NETWORK INFRASTRUCTURE — EXECUTIVE DASHBOARD
B2: Site Database Overview | AUH • AAN • DXB • NE • WR | January 2024 | F2: 5G Network Penetration: | H2: =D5/B5 -> 0.80035166
B5: =COUNTA('Master Sheet'!A2:A6257) -> 6256 | D5: =COUNTIFS('Master Sheet'!K2:K6257,"On Air") -> 5007 | F5: =COUNTIFS('Master Sheet'!J2:J6257,"On Air") -> 6208 | H5: =COUNTIFS('Master Sheet'!I2:I6257,"On Air") -> 6221
B6: TOTAL SITES | D6: 5G ON-AIR | F6: 4G ON-AIR | H6: 3G ON-AIR
B9: REGIONAL SITE DISTRIBUTION
B10: Region | C10: Total Sites | J10: Region | K10: Total Sites | L10: 5G On-Air | M10: 4G On-Air | N10: 3G On-Air
B11: AAN | C11: =K11 -> 739 | J11: Al Ain (AAN) | K11: =COUNTIFS('Master Sheet'!C2:C6257,"AAN") -> 739 | L11: =COUNTIFS('Master Sheet'!C2:C6257,"AAN",'Master Sheet'!K2:K6257,"On Air") -> 551 | M11: =COUNTIFS('Master Sheet'!C2:C6257,"AAN",'Master Sheet'!J2:J6257,"On Air") -> 738 | N11: =COUNTIFS('Master Sheet'!C2:C6257,"AAN",'Master Sheet'!I2:I6257,"On Air") -> 738
B12: AUH | C12: =K12 -> 1400 | J12: Abu Dhabi (AUH) | K12: =COUNTIFS('Master Sheet'!C2:C6257,"AUH") -> 1400 | L12: =COUNTIFS('Master Sheet'!C2:C6257,"AUH",'Master Sheet'!K2:K6257,"On Air") -> 1179 | M12: =COUNTIFS('Master Sheet'!C2:C6257,"AUH",'Master Sheet'!J2:J6257,"On Air") -> 1386 | N12: =COUNTIFS('Master Sheet'!C2:C6257,"AUH",'Master Sheet'!I2:I6257,"On Air") -> 1393
B13: DXB | C13: =K13 -> 1911 | J13: Dubai (DXB) | K13: =COUNTIFS('Master Sheet'!C2:C6257,"DXB") -> 1911 | L13: =COUNTIFS('Master Sheet'!C2:C6257,"DXB",'Master Sheet'!K2:K6257,"On Air") -> 1726 | M13: =COUNTIFS('Master Sheet'!C2:C6257,"DXB",'Master Sheet'!J2:J6257,"On Air") -> 1900 | N13: =COUNTIFS('Master Sheet'!C2:C6257,"DXB",'Master Sheet'!I2:I6257,"On Air") -> 1886
B14: NE | C14: =K14 -> 1714 | J14: Northern Emirates (NE) | K14: =COUNTIFS('Master Sheet'!C2:C6257,"NE") -> 1714 | L14: =COUNTIFS('Master Sheet'!C2:C6257,"NE",'Master Sheet'!K2:K6257,"On Air") -> 1347 | M14: =COUNTIFS('Master Sheet'!C2:C6257,"NE",'Master Sheet'!J2:J6257,"On Air") -> 1706 | N14: =COUNTIFS('Master Sheet'!C2:C6257,"NE",'Master Sheet'!I2:I6257,"On Air") -> 1714
B15: WR | C15: =K15 -> 492 | J15: Western Region (WR) | K15: =COUNTIFS('Master Sheet'!C2:C6257,"WR") -> 492 | L15: =COUNTIFS('Master Sheet'!C2:C6257,"WR",'Master Sheet'!K2:K6257,"On Air") -> 204 | M15: =COUNTIFS('Master Sheet'!C2:C6257,"WR",'Master Sheet'!J2:J6257,"On Air") -> 478 | N15: =COUNTIFS('Master Sheet'!C2:C6257,"WR",'Master Sheet'!I2:I6257,"On Air") -> 490
J16: TOTAL | K16: =SUM(K11:K15) -> 6256 | L16: =SUM(L11:L15) -> 5007 | M16: =SUM(M11:M15) -> 6208 | N16: =SUM(N11:N15) -> 6221
B18: TECHNOLOGY & VENDOR ANALYSIS | J18: 5G PENETRATION BY REGION
B19: Technology Stack | C19: Sites | J19: Region | K19: Total Sites | L19: 5G On-Air | M19: 5G Penetration | N19: Gap to 100%
B20: 2G+3G+4G+5G | C20: =COUNTIFS('Master Sheet'!W2:W6257,"2G+3G+4G+5G") -> 2476 | J20: Al Ain (AAN) | K20: =K11 -> 739 | L20: =L11 -> 551 | M20: =L20/K20 -> 0.74560217 | N20: =K20-L20 -> 188
B21: 3G+4G+5G | C21: =COUNTIFS('Master Sheet'!W2:W6257,"3G+4G+5G") -> 2503 | J21: Abu Dhabi (AUH) | K21: =K12 -> 1400 | L21: =L12 -> 1179 | M21: =L21/K21 -> 0.84214286 | N21: =K21-L21 -> 221
B22: 3G+4G | C22: =COUNTIFS('Master Sheet'!W2:W6257,"3G+4G") -> 791 | J22: Dubai (DXB) | K22: =K13 -> 1911 | L22: =L13 -> 1726 | M22: =L22/K22 -> 0.90319205 | N22: =K22-L22 -> 185
B23: 2G+3G+4G | C23: =COUNTIFS('Master Sheet'!W2:W6257,"2G+3G+4G") -> 414 | J23: Northern Emirates (NE) | K23: =K14 -> 1714 | L23: =L14 -> 1347 | M23: =L23/K23 -> 0.78588098 | N23: =K23-L23 -> 367
B24: 4G+5G | C24: =COUNTIFS('Master Sheet'!W2:W6257,"4G+5G") -> 26 | J24: Western Region (WR) | K24: =K15 -> 492 | L24: =L15 -> 204 | M24: =L24/K24 -> 0.41463415 | N24: =K24-L24 -> 288
B25: 3G | C25: =COUNTIFS('Master Sheet'!W2:W6257,"3G") -> 31 | J25: TOTAL | K25: =SUM(K20:K24) -> 6256 | L25: =SUM(L20:L24) -> 5007 | M25: =L25/K25 -> 0.80035166 | N25: =K25-L25 -> 1249
B26: 2G+3G | C26: =COUNTIFS('Master Sheet'!W2:W6257,"2G+3G") -> 8
B27: Other | C27: =B5-SUM(C20:C26) -> 7
B29: VENDOR DISTRIBUTION | J29: SITE INFRASTRUCTURE MIX
B30: Vendor | C30: Sites | D30: % Share | J30: Site Category | K30: Sites | L30: % Share
B31: Huawei | C31: =COUNTIFS('Master Sheet'!P2:P6257,"Huawei") -> 2749 | D31: =C31/SUM(C31:C36) -> 0.43941816 | J31: Greenfield | K31: =COUNTIFS('Master Sheet'!S2:S6257,"Greenfield")+COUNTIFS('Master Sheet'!S2:S6257,"Green Field")+COUNTIFS('Master Sheet'!S2:S6257,"GRD")+COUNTIFS('Master Sheet'!S2:S6257,"Greenfield (Du CAPEX)")+COUNTIFS('Master Sheet'!S2:S6257,"GF Site Share")+COUNTIFS('Master Sheet'!S2:S6257,"GF - Plam Tree")+COUNTIFS('Master Sheet'!S2:S6257,"Easy Macro - Greenfield")+COUNTIFS('Master Sheet'!S2:S6257,"Greenfield - Lamp Pole")+COUNTIFS('Master Sheet'!S2:S6257,"Green Field Palm Tree") -> 2676 | L31: =K31/SUM(K31:K35) -> 0.42774936
B32: Nokia | C32: =COUNTIFS('Master Sheet'!P2:P6257,"Nokia") -> 1736 | D32: =C32/SUM(C31:C36) -> 0.27749361 | J32: Rooftop | K32: =COUNTIFS('Master Sheet'!S2:S6257,"Rooftop")+COUNTIFS('Master Sheet'!S2:S6257,"Roof Top")+COUNTIFS('Master Sheet'!S2:S6257,"Micro RT")+COUNTIFS('Master Sheet'!S2:S6257,"Rooftop_Lamp Post")+COUNTIFS('Master Sheet'!S2:S6257,"Site Share - Rooftop")+COUNTIFS('Master Sheet'!S2:S6257,"Easy Macro - Rooftop") -> 1410 | L32: =K32/SUM(K31:K35) -> 0.22538363
B33: Nokia/Huawei | C33: =COUNTIFS('Master Sheet'!P2:P6257,"Nokia/Huawei") -> 884 | D33: =C33/SUM(C31:C36) -> 0.14130435 | J33: Site Sharing | K33: =COUNTIFS('Master Sheet'!S2:S6257,"Site Sharing")+COUNTIFS('Master Sheet'!S2:S6257,"SS OPEX")+COUNTIFS('Master Sheet'!S2:S6257,"SS CAPEX")+COUNTIFS('Master Sheet'!S2:S6257,"ETC Site Share")+COUNTIFS('Master Sheet'!S2:S6257,"ADNOC Tower Sharing")+COUNTIFS('Master Sheet'!S2:S6257,"Site Share")+COUNTIFS('Master Sheet'!S2:S6257,"Site Share - Palm Tree")+COUNTIFS('Master Sheet'!S2:S6257,"Site Share - RDU")+COUNTIFS('Master Sheet'!S2:S6257,"Site Share - Canopy Column")+COUNTIFS('Master Sheet'!S2:S6257,"Site Share - Mosaic")+COUNTIFS('Master Sheet'!S2:S6257,"Nedaa Share")+COUNTIFS('Master Sheet'!S2:S6257,"Site share_ETI Plot") -> 1691 | L33: =K33/SUM(K31:K35) -> 0.27030051
B34: Ericsson | C34: =COUNTIFS('Master Sheet'!P2:P6257,"Ericsson") -> 364 | D34: =C34/SUM(C31:C36) -> 0.058184143 | J34: Capex (du/ET) | K34: =COUNTIFS('Master Sheet'!S2:S6257,"Capex - du")+COUNTIFS('Master Sheet'!S2:S6257,"du CAPEX")+COUNTIFS('Master Sheet'!S2:S6257,"Capex_ETC Lead")+COUNTIFS('Master Sheet'!S2:S6257,"Capex_ETC Lead_Palm Tree")+COUNTIFS('Master Sheet'!S2:S6257,"ET Capex")+COUNTIFS('Master Sheet'!S2:S6257,"Capex_DU")+COUNTIFS('Master Sheet'!S2:S6257,"Capex ETI")+COUNTIFS('Master Sheet'!S2:S6257,"ET-Capex") -> 194 | L34: =K34/SUM(K31:K35) -> 0.03101023
B35: Nokia/Ericsson | C35: =COUNTIFS('Master Sheet'!P2:P6257,"Nokia/Ericsson") -> 374 | D35: =C35/SUM(C31:C36) -> 0.059782609 | J35: Other (RDU, Pole, etc.) | K35: =B5-SUM(K31:K34) -> 285 | L35: =K35/SUM(K31:K35) -> 0.045556266
B36: Other | C36: =B5-SUM(C31:C35) -> 149 | D36: =C36/SUM(C31:C36) -> 0.023817136
B38: Data Source: GIS Master Site Database | Report Date: January 2024 | Confidential

Sheet Master Sheet
A1: Sitecode | B1: Key | C1: Region | D1: 2G logical ID | E1: 3G logical ID | F1: 4G logical ID | G1: 5G Logical ID | H1: 2G Site Status | I1: 3G Site Status | J1: 4G Site Status | K1: 5G Status | L1: 3G Scope | M1: Purpose | N1: Latitude | O1: Longitude | P1: Vendor | Q1: Site Type-1 | R1: Passive Structure - Sharing Vs Non Sharing | S1: Site Type | T1: Structure Owner | U1: Sharing Model | V1: Site Model | W1: Technology | X1: Cabinet Type | Y1: 2CC/3CC | Z1: 4T4R | AA1: 3G Configuration | AB1: LTE Configuration | AC1: 5G Configuration (ICC/2CC/3CC) | AD1: Zone ID | AE1: Antenna Height | AF1: Count of 3G/4G RRU | AG1: Count of 5G RRU | AH1: 5G Band Information (N41/N78/N41+N78) | AI1: Count of SRAN Antennas | AJ1: Count of 5G Antennas | AK1: Splitter(Y/N) | AL1: Scope | AM1: CW PO | AN1: CW contractor | AO1: Plot Size | AP1: Structure Type | AQ1: Structure Supplier | AR1: Equipment Room Type | AS1: CW Status | AT1: Power source | AU1: Power Status | AV1: 2G Status | AY1: 3G 2100 Status | BB1: 3G 900 Status | BE1: 4G 800 Status | BH1: 4G 1800 Status | BK1: Transmission Media | BL1: Number of MW dishes on site | BM1: Configuration | BQ1: Antenna Type 1 | BR1: Antenna Type 2 | BS1: Antenna Type 3 | BT1: Antenna Type 4 | BU1: Antenna Type 5 | BV1: Antenna Type 6 | BW1: Feeder type | BX1: MW 1 | BY1: MW 2 | BZ1: MW 3 | CA1: MW 4 | CB1: MW 5 | CC1: MW 6 | CD1: TRS Media | CE1: Device Name | CF1: Height | CG1: Structure Type | CH1: Remarks
A2: AAC4348 | B2: Site 5916 | C2: AAN | D2: AAC4348 | E2: AAC4348 | F2: AAC4348 | G2: AACNR4348 | H2: On Air | I2: On Air | J2: On Air | K2: On Air | L2: 2009 | M2: Permanent | N2: 24.18311 | O2: 55.32005 | P2: Nokia/Ericsson | Q2: Outdoor | R2: EITC Passive Infrastructure | S2: Greenfield | T2: Outdoor Green field-du Owned | U2: Du Solo | V2: RDU | W2: 2G+3G+4G+5G | X2: Enclosure6130 | Y2: 4CC | Z2: 4T4R | AA2: U2100 + U900 | AB2: L1800 (F1+F2) + L800 + L2100 | AC2: 1CC | AD2: 8007100 | AE2: 28 | AF2: 5 | AG2: 3 | AH2: N41 | AI2: 3 | AJ2: 3 | CD2: IIB | CE2: AAC-4348-CSG-IXR-E-1 | CF2: 30 | CG2: #N/A | CH2: from data base
A3: AAG6066 | B3: Site 5917 | C3: AAN | E3: AAG6066 | F3: AAG6066 | G3: AAGNR6066 | I3: On Air | J3: On Air | K3: On Air | L3: 42208 | M3: Permanent | N3: 24.08449 | O3: 55.71706 | P3: Ericsson | Q3: Outdoor | R3: EITC Passive Infrastructure | S3: Greenfield | T3: Outdoor Green field-du Owned | U3: Du Solo | V3: RDU | W3: 3G+4G+5G | X3: Enclosure6130 | Y3: 2CC | Z3: 4T4R | AA3: U2100 + U900 | AB3: L800 + L2100 | AC3: 1CC | AD3: 8002800 | AE3: 30 | AF3: 6 | AG3: 3 | AH3: N41 | AI3: 3 | AJ3: 3 | CD3: IIB | CE3: AAG-6066-CSG-IXR-E-1 | CF3: 30 | CG3: #N/A | CH3: from data base
A4: AAG6068 | B4: Site 5918 | C4: AAN | D4: AAG6068 | E4: AAG6068 | F4: AAG6068 | G4: AAGNR6068 | H4: On Air | I4: On Air | J4: On Air | K4: On Air | L4: 42312 | M4: Permanent | N4: 24.06131 | O4: 55.72543 | P4: Nokia/Ericsson | Q4: Outdoor | R4: EITC Passive Infrastructure | S4: Greenfield | T4: Outdoor Green field-du Owned | U4: Du Solo | V4: RDU | W4: 2G+3G+4G+5G | X4: Enclosure6130 | Y4: 3CC | Z4: 4T4R | AA4: U2100 + U900 | AB4: L1800 (F1) + L800 + L2100 | AC4: 2CC | AD4: 8002800 | AE4: 29 | AF4: 6 | AG4: 3 | AH4: N78 | AI4: 3 | AJ4: 3 | CD4: IIB | CE4: AAG-6068-CSG-IXR-E-1 | CF4: 30 | CG4: #N/A | CH4: from data base
A5: AAG6096 | B5: Site 5919 | C5: AAN | E5: AAG6096 | F5: AAG6096 | G5: AAGNR6096 | I5: On Air | J5: On Air | K5: On Air | L5: 2009 | M5: Permanent | N5: 24.232414 | O5: 55.761819 | P5: Ericsson | Q5: Outdoor | R5: EITC Passive Infrastructure | S5: Greenfield | T5: Outdoor Green field-du Owned- Light Pole | U5: Du Solo | V5: Mini-Tower | W5: 3G+4G+5G | X5: Enclosure6130 | Y5: 2CC | Z5: 4T4R | AA5: U2100 + U900 | AB5: L1800 (F1) + L2100 | AC5: 2CC | AD5: 8001800 | AE5: 15 | AF5: 5 | AG5: 3 | AH5: N78 | AI5: 3 | AJ5: 3 | CD5: IIB | CE5: AAG-6096-CSG-IXR-E-1
A6: AAG6105 | B6: Site 5920 | C6: AAN | E6: AAG6105 | F6: AAG6105 | I6: On Air | J6: On Air | L6: 2023 | M6: Temporary | N6: 24.301 | O6: 55.12645 | P6: Ericsson | Q6: Outdoor | R6: EITC Passive Infrastructure | S6: Greenfield | T6: Outdoor Green field-du Owned | V6: Monopole | W6: 3G+4G | X6: Enclosure6130 | Y6: 4CC | Z6: 4T4R | AA6: U2100 + U900 | AB6: L1800 (F1+F2) + L800 + L2100 | AD6: 8005700 | AE6: 30 | AF6: 6 | AI6: 3 | CD6: MW | CE6: 0
A7: AAG6032 | B7: Site 5921 | C7: AAN | E7: AAG6032 | F7: AAGL6032 | G7: AAGNR6032 | I7: On Air | J7: On Air | K7: On Air | L7: 42149 | M7: Permanent | N7: 24.24575 | O7: 55.71282 | P7: Nokia/Ericsson | Q7: Outdoor | R7: EITC Passive Infrastructure | S7: Greenfield | T7: Outdoor Green field-du Owned | U7: Du Solo | V7: RDU | W7: 3G+4G+5G | X7: BTS3900 | Y7: 3CC | Z7: 4T4R | AA7: U2100 + U900 | AB7: L1800 (F1) + L800 + L2100 | AC7: 2CC | AD7: 8000600 | AE7: 28 | AF7: 8 | AG7: 3 | AH7: N78 | AI7: 4 | AJ7: 3 | CD7: IIB | CE7: AAG-6032-CSG-IXR-E-1 | CF7: 30 | CG7: #N/A | CH7: from data base
A8: AAN2005 | B8: Site 5922 | C8: AAN | D8: AAN2005 | E8: AAN2005 | F8: AAN2005 | G8: AANNR2005 | H8: On Air | I8: On Air | J8: On Air | K8: On Air | L8: 2009 | M8: Permanent | N8: 24.1709 | O8: 55.711 | P8: Nokia/Ericsson | Q8: Outdoor | R8: EITC Passive Infrastructure | S8: Greenfield | T8: Outdoor Green field-du Owned | U8: DU Solo | V8: Monopole | W8: 2G+3G+4G+5G | X8: Enclosure6130 | Y8: 4CC | Z8: 4T4R | AA8: U2100 + U900 | AB8: L1800 (F1+F2) + L800 + L2100 | AC8: 2CC | AD8: 8002500 | AE8: 28 | AF8: 6 | AG8: 3 | AH8: N78 | AI8: 3 | AJ8: 3 | CD8: IIB | CE8: AAN-2005-PREAGG-SR7-1 | CF8: 30 | CG8: #N/A | CH8: from data base
A9: AAN2006 | B9: Site 5923 | C9: AAN | D9: AAN2006 | E9: AAN2006 | F9: AAN2006 | G9: AANNR2006 | H9: Locked | I9: On Air | J9: On Air | K9: On Air | L9: 2009 | M9: Permanent | N9: 24.18795 | O9: 55.719 | P9: Nokia/Ericsson | Q9: Outdoor | R9: EITC Passive Infrastructure | S9: Greenfield | T9: Outdoor Green field-du Owned | U9: Du Solo | V9: Monopole | W9: 2G+3G+4G+5G | X9: Enclosure6130 | Y9: 3CC | Z9: 4T4R | AA9: U2100 + U900 | AB9: L1800 (F1) + L800 + L2100 | AC9: 2CC | AD9: 8002500 | AE9: 28 | AF9: 6 | AG9: 3 | AH9: N78 | AI9: 3 | AJ9: 3 | CD9: IIB | CE9: AAN-2006-PREAGG-SR7-1 | CF9: 30 | CG9: #N/A | CH9: from data base
A10: AAN2009 | B10: Site 5924 | C10: AAN | D10: AAN2009 | E10: AAN2009 | F10: AAN2009 | G10: AANNR2009 | H10: On Air | I10: On Air | J10: On Air | K10: On Air | L10: 2009 | M10: Permanent | N10: 24.1461 | O10: 55.6898 | P10: Nokia/Ericsson | Q10: Outdoor | R10: EITC Passive Infrastructure | S10: Greenfield | T10: Outdoor Green field-du Owned | U10: Du Solo | V10: Monopole | W10: 2G+3G+4G+5G | X10: Enclosure6130 | Y10: 4CC | Z10: 4T4R | AA10: U2100 + U900 | AB10: L1800 (F1+F2) + L800 + L2100 | AC10: 2CC | AD10: 8002900 | AE10: 30 | AF10: 6 | AG10: 3 | AH10: N78 | AI10: 3 | AJ10: 3 | CD10: IIB | CE10: AAN-2009-PREAGG-SR7-1 | CF10: 30 | CG10: #N/A | CH10: from data base
A11: AAN2012 | B11: Site 5925 | C11: AAN | D11: AAN2012 | E11: AAN2012 | F11: AAN2012 | G11: AANNR2012 | H11: On Air | I11: On Air | J11: On Air | K11: On Air | L11: 2009 | M11: Permanent | N11: 24.194599 | O11: 55.791079 | P11: Nokia/Ericsson | Q11: Outdoor | R11: EITC Passive Infrastructure | S11: Greenfield | T11: Outdoor Green field-du Owned | U11: Du Solo | V11: Monopole | W11: 2G+3G+4G+5G | X11: Enclosure6130 | Y11: 4CC | Z11: 4T4R | AA11: U2100 + U900 | AB11: L1800 (F1+F2) + L800 + L2100 | AC11: 2CC | AD11: 8001900 | AE11: 28 | AF11: 6 | AG11: 3 | AH11: N78 | AI11: 3 | AJ11: 3 | CD11: IIB | CE11: AAN-2012-CSG-SAR-X-1 | CF11: 30 | CG11: #N/A | CH11: from data base
A12: AAN2015 | B12: Site 5926 | C12: AAN | D12: AAN2015 | E12: AAN2015 | F12: AAN2015 | G12: AANNR2015 | H12: On Air | I12: On Air | J12: On Air | K12: On Air | L12: 2009 | M12: Permanent | N12: 24.18098 | O12: 55.75854 | P12: Nokia/Ericsson | Q12: Outdoor | R12: EITC Passive Infrastructure | S12: Greenfield | T12: Outdoor Green field-du Owned | U12: Du Solo | V12: Monopole | W12: 2G+3G+4G+5G | X12: Enclosure6130 | Y12: 4CC | Z12: 4T4R | AA12: U2100 + U900 | AB12: L1800 (F1+F2) + L800 + L2100 | AC12: 2CC | AD12: 8002400 | AE12: 30 | AF12: 6 | AG12: 3 | AH12: N78 | AI12: 3 | AJ12: 3 | CD12: IIB | CE12: AAN-2015-CSG-SAR-X-1 | CF12: 30 | CG12: #N/A | CH12: from data base
A13: AAN2018 | B13: Site 5927 | C13: AAN | D13: AAN2018 | E13: AAN2018 | F13: AAN2018 | G13: AANNR2018 | H13: On Air | I13: On Air | J13: On Air | K13: On Air | L13: 2009 | M13: Permanent | N13: 24.200853 | O13: 55.746255 | P13: Nokia/Ericsson | Q13: Outdoor | R13: EITC Passive Infrastructure | S13: Greenfield | T13: Outdoor Green field-du Owned | U13: DU Solo | V13: Lattice Tower | W13: 2G+3G+4G+5G | X13: Enclosure6130 | Y13: 3CC | Z13: 4T4R | AA13: U2100 + U900 | AB13: L1800 (F1) + L800 + L2100 | AC13: 2CC | AD13: 8002400 | AE13: 33 | AF13: 6 | AG13: 3 | AH13: N78 | AI13: 3 | AJ13: 3 | CD13: IIB | CE13: AAN-2018-CSG-IXR-E-1 | CF13: 30 | CG13: #N/A | CH13: from data base
A14: AAN2028 | B14: Site 5928 | C14: AAN | D14: AAN2028 | E14: AAN2028 | F14: AAN2028 | G14: AANNR2028 | H14: On Air | I14: On Air | J14: On Air | K14: On Air | L14: 2009 | M14: Permanent | N14: 24.1504 | O14: 55.64811 | P14: Nokia/Ericsson | Q14: Outdoor | R14: EITC Passive Infrastructure | S14: Greenfield | T14: Outdoor Green field-du Owned | U14: Du Solo | V14: Monopole | W14: 2G+3G+4G+5G | X14: Enclosure6130 | Y14: 3CC | Z14: 4T4R | AA14: U2100 + U900 | AB14: L1800 (F1) + L800 + L2100 | AC14: 1CC | AD14: 8003100 | AE14: 27 | AF14: 6 | AG14: 3 | AH14: N41 | AI14: 3 | AJ14: 3 | CD14: IIB | CE14: AAN-2028-CSG-ASR920-LD-1 | CF14: 30 | CG14: #N/A | CH14: from data base
A15: AAN2029 | B15: Site 5929 | C15: AAN | D15: AAN2029 | E15: AAN2029 | F15: AAN2029 | G15: AANNR2029 | H15: On Air | I15: On Air | J15: On Air | K15: On Air | L15: 40488 | M15: Permanent | N15: 24.103425 | O15: 55.588392 | P15: Nokia/Ericsson | Q15: Outdoor | R15: EITC Passive Infrastructure | S15: Greenfield | T15: Outdoor Green field-du Owned | U15: Du Solo | V15: Lattice Tower | W15: 2G+3G+4G+5G | X15: Enclosure6130 | Y15: 2CC | Z15: 4T4R | AA15: U2100 + U900 | AB15: L800 + L2100 | AC15: 1CC | AD15: 8006400 | AE15: 40 | AF15: 6 | AG15: 3 | AH15: N41 | AI15: 3 | AJ15: 3 | CD15: IIB | CE15: AAN-2029-CSG-IXR-E-1 | CF15: 40 | CG15: #N/A | CH15: from data base
A16: AAN2053 | B16: Site 5930 | C16: AAN | D16: AAN2053 | E16: AAN2053 | F16: AAN2053 | G16: AANNR2053 | H16: On Air | I16: On Air | J16: On Air | K16: On Air | L16: 2009 | M16: Permanent | N16: 24.21676 | O16: 55.48553 | P16: Nokia/Ericsson | Q16: Outdoor | R16: EITC Passive Infrastructure | S16: Greenfield | T16: Outdoor Green field-du Owned | U16: Du Solo | V16: Lattice Tower | W16: 2G+3G+4G+5G | X16: Enclosure6130 | Y16: 2CC | Z16: 4T4R | AA16: U2100 + U900 | AB16: L800 + L2100 | AC16: 1CC | AD16: 8006700 | AE16: 47 | AF16: 8 | AG16: 3 | AH16: N41 | AI16: 4 | AJ16: 3 | AK16: Y | CD16: IIB | CE16: AAN-5002-AGGR-SR12-1 + AAN-5002-AGGR-SR12-2 + + + + | CF16: 35 | CG16: #N/A | CH16: from data base
A17: AAN2054 | B17: Site 5931 | C17: AAN | D17: AAN2054 | E17: AAN2054 | F17: AAN2054 | G17: AANNR2054 | H17: On Air | I17: On Air | J17: On Air | K17: On Air | L17: 2009 | M17: Permanent | N17: 24.164645 | O17: 55.263916 | P17: Nokia/Ericsson | Q17: Outdoor | R17: EITC Passive Infrastructure | S17: Greenfield | T17: Outdoor Green field-du Owned | U17: Du Solo | V17: Lattice Tower | W17: 2G+3G+4G+5G | X17: Enclosure6130 | Y17: 2CC | Z17: 4T4R | AA17: U2100 + U900 | AB17: L800 + L2100 | AC17: 1CC | AD17: 8007100 | AE17: 37 | AF17: 6 | AG17: 3 | AH17: N41 | AI17: 3 | AJ17: 3 | CD17: IIB | CE17: AAN-2054-CSG-IXR-E-1 | CF17: 50 | CG17: #N/A | CH17: from data base
A18: AAN2062 | B18: Site 5932 | C18: AAN | D18: AAN2062 | E18: AAN2062 | F18: AAN2062 | G18: AANNR2062 | H18: On Air | I18: On Air | J18: On Air | K18: On Air | L18: 2009 | M18: Permanent | N18: 24.195953 | O18: 55.752132 | P18: Nokia/Ericsson | Q18: Outdoor | R18: EITC Passive Infrastructure | S18: Greenfield | T18: Outdoor Green field-du Owned | U18: Du Solo | V18: Monopole | W18: 2G+3G+4G+5G | X18: Enclosure6130 | Y18: 4CC | Z18: 4T4R | AA18: U2100 + U900 | AB18: L1800 (F1+F2) + L800 + L2100 | AC18: 2CC | AD18: 8002400 | AE18: 27 | AF18: 6 | AG18: 3 | AH18: N78 | AI18: 3 | AJ18: 3 | CD18: IIB | CE18: AAN-2062-CSG-SAR-X-1 | CF18: 30 | CG18: #N/A | CH18: from data base
A19: AAN2069 | B19: Site 5933 | C19: AAN | D19: AAN2069 | E19: AAN2069 | F19: AAN2069 | G19: AANNR2069 | H19: On Air | I19: On Air | J19: On Air | K19: On Air | L19: 2009 | M19: Permanent | N19: 24.137198 | O19: 55.707023 | P19: Nokia/Ericsson | Q19: Outdoor | R19: EITC Passive Infrastructure | S19: Greenfield | T19: Outdoor Green field-du Owned | U19: Du Solo | V19: Monopole | W19: 2G+3G+4G+5G | X19: Enclosure6130 | Y19: 4CC | Z19: 4T4R | AA19: U2100 + U900 | AB19: L1800 (F1+F2) + L800 + L2100 | AC19: 2CC | AD19: 8002900 | AE19: 27 | AF19: 8 | AG19: 3 | AH19: N78 | AI19: 4 | AJ19: 3 | CD19: IIB | CE19: AAN-2069-CSG-IXR-E-1 | CF19: 30 | CG19: #N/A | CH19: from data base
A20: AAN2071 | B20: Site 5934 | C20: AAN | D20: AAN2071 | E20: AAN2071 | F20: AAN2071 | G20: AANNR2071 | H20: On Air | I20: On Air | J20: On Air | K20: On Air | L20: 2009 | M20: Permanent | N20: 24.1917 | O20: 55.53539 | P20: Nokia/Ericsson | Q20: Outdoor | R20: EITC Passive Infrastructure | S20: Greenfield | T20: Outdoor Green field-du Owned | U20: Du Solo | V20: Monopole | W20: 2G+3G+4G+5G | X20: Enclosure6130 | Y20: 3CC | Z20: 4T4R | AA20: U2100 + U900 | AB20: L1800 (F1) + L800 + L2100 | AC20: 1CC | AD20: 8006500 | AE20: 25 | AF20: 6 | AG20: 3 | AH20: N41 | AI20: 3 | AJ20: 3 | CD20: OSN/IIB | CE20: AAN-2071-CSG-SAR-8-1 | CF20: 30 | CG20: #N/A | CH20: from data base
A21: AAN2072 | B21: Site 5935 | C21: AAN | D21: AAN2072 | E21: AAN2072 | F21: AAN2072 | G21: AANNR2072 | H21: On Air | I21: On Air | J21: On Air | K21: On Air | L21: 2009 | M21: Permanent | N21: 24.12178 | O21: 55.71353 | P21: Nokia/Ericsson | Q21: Outdoor | R21: EITC Passive Infrastructure | S21: Greenfield | T21: Outdoor Green field-du Owned | U21: Du Solo | V21: Monopole | W21: 2G+3G+4G+5G | X21: Enclosure6130 | Y21: 3CC | Z21: 4T4R | AA21: U2100 + U900 | AB21: L1800 (F1) + L800 + L2100 | AC21: 2CC | AD21: 8003300 | AE21: 26 | AF21: 6 | AG21: 3 | AH21: N78 | AI21: 3 | AJ21: 3 | CD21: IIB | CE21: AAN-2072-CSG-ASR920-LD-1 | CF21: 30 | CG21: #N/A | CH21: from data base
A22: AAN2073 | B22: Site 5936 | C22: AAN | D22: AAN2073 | E22: AAN2073 | F22: AAN2073 | G22: AANNR2073 | H22: On Air | I22: On Air | J22: On Air | K22: On Air | L22: 40477 | M22: Permanent | N22: 24.076633 | O22: 55.662002 | P22: Nokia/Ericsson | Q22: Outdoor | R22: EITC Passive Infrastructure | S22: Greenfield | T22: Outdoor Green field-du Owned | U22: Du Solo | V22: Monopole | W22: 2G+3G+4G+5G | X22: Enclosure6130 | Y22: 4CC | Z22: 4T4R | AA22: U2100 + U900 | AB22: L1800 (F1+F2) + L800 + L2100 | AC22: 1CC | AD22: 8006600 | AE22: 28 | AF22: 6 | AG22: 3 | AH22: N41 | AI22: 3 | AJ22: 3 | CD22: IIB | CE22: AAN-2073-CSG-IXR-E-1 | CF22: 30 | CG22: #N/A | CH22: from data base
A23: AAN2075 | B23: Site 5937 | C23: AAN | D23: AAN2075 | E23: AAN2075 | F23: AAN2075 | G23: AANNR2075 | H23: On Air | I23: On Air | J23: On Air | K23: On Air | L23: 2009 | M23: Permanent | N23: 24.149633 | O23: 55.738002 | P23: Nokia/Ericsson | Q23: Outdoor | R23: EITC Passive Infrastructure | S23: Greenfield | T23: Outdoor Green field-du Owned | U23: Du Solo | V23: Monopole | W23: 2G+3G+4G+5G | X23: Enclosure6130 | Y23: 3CC | Z23: 4T4R | AA23: U2100 + U900 | AB23: L1800 (F1) + L800 + L2100 | AC23: 2CC | AD23: 8002400 | AE23: 28 | AF23: 6 | AG23: 3 | AH23: N78 | AI23: 3 | AJ23: 3 | CD23: IIB | CE23: AAN-2075-CSG-ASR920-LD-1 | CF23: 30 | CG23: #N/A | CH23: from data base
A24: AAN2077 | B24: Site 5938 | C24: AAN | D24: AAN2077 | E24: AAN2077 | F24: AAN2077 | G24: AANNR2077 | H24: On Air | I24: On Air | J24: On Air | K24: On Air | L24: 2009 | M24: Permanent | N24: 24.17965 | O24: 55.742905 | P24: Nokia/Ericsson | Q24: Outdoor | R24: EITC Passive Infrastructure | S24: Greenfield | T24: Outdoor Green field-du Owned | U24: Du Solo | V24: Monopole | W24: 2G+3G+4G+5G | X24: Enclosure6130 | Y24: 3CC | Z24: 4T4R | AA24: U2100 + U900 | AB24: L1800 (F1) + L800 + L2100 | AC24: 2CC | AD24: 8002600 | AE24: 26 | AF24: 6 | AG24: 3 | AH24: N78 | AI24: 3 | AJ24: 3 | CD24: MW | CE24: 0 | CF24: 30 | CG24: #N/A | CH24: from data base
A25: AAN2080 | B25: Site 5939 | C25: AAN | D25: AAN2080 | E25: AAN2080 | F25: AAN2080 | G25: AANNR2080 | H25: On Air | I25: On Air | J25: On Air | K25: On Air | L25: 2009 | M25: Permanent | N25: 24.17916 | O25: 55.77082 | P25: Nokia/Ericsson | Q25: Outdoor | R25: EITC Passive Infrastructure | S25: Greenfield | T25: Outdoor Green field-du Owned | U25: Du Solo | V25: Lattice Tower | W25: 2G+3G+4G+5G | X25: Enclosure6130 | Y25: 4CC | Z25: 4T4R | AA25: U2100 + U900 | AB25: L1800 (F1+F2) + L800 + L2100 | AC25: 2CC | AD25: 8002400 | AE25: 38 | AF25: 6 | AG25: 3 | AH25: N78 | AI25: 3 | AJ25: 3 | CD25: IIB | CE25: AAN-2080-CSG-ASR920-LD-1 | CF25: 40 | CG25: #N/A | CH25: from data base
A26: AAN2084 | B26: Site 5940 | C26: AAN | D26: AAN2084 | E26: AAN2084 | F26: AAN2084 | G26: AANNR2084 | H26: On Air | I26: On Air | J26: On Air | K26: On Air | L26: 2009 | M26: Permanent | N26: 24.17228 | O26: 55.67493 | P26: Nokia/Ericsson | Q26: Outdoor | R26: EITC Passive Infrastructure | S26: Greenfield | T26: Outdoor Green field-du Owned | U26: Du Solo | V26: Monopole | W26: 2G+3G+4G+5G | X26: Enclosure6130 | Y26: 3CC | Z26: 4T4R | AA26: U2100 + U900 | AB26: L1800 (F1) + L800 + L2100 | AC26: 2CC | AD26: 8003000 | AE26: 27 | AF26: 6 | AG26: 3 | AH26: N78 | AI26: 3 | AJ26: 3 | CD26: IIB | CE26: AAN-2084-CSG-SAR-X-1 | CF26: 30 | CG26: #N/A | CH26: from data base
A27: AAN2085 | B27: Site 5941 | C27: AAN | D27: AAN2085 | E27: AAN2085 | F27: AAN2085 | G27: AANNR2085 | H27: On Air | I27: On Air | J27: On Air | K27: On Air | L27: 2009 | M27: Permanent | N27: 24.1294 | O27: 55.682 | P27: Nokia/Ericsson | Q27: Outdoor | R27: EITC Passive Infrastructure | S27: Greenfield | T27: Outdoor Green field-du Owned | U27: Du Solo | V27: Monopole | W27: 2G+3G+4G+5G | X27: Enclosure6130 | Y27: 4CC | Z27: 4T4R | AA27: U2100 + U900 | AB27: L1800 (F1+F2) + L800 + L2100 | AC27: 2CC | AD27: 8002900 | AE27: 28 | AF27: 6 | AG27: 3 | AH27: N78 | AI27: 3 | AJ27: 3 | CD27: IIB | CE27: AAN-2085-CSG-SAR-X-1 | CF27: 30 | CG27: #N/A | CH27: from data base
A28: AAN2086 | B28: Site 5942 | C28: AAN | D28: AAN2086 | E28: AAN2086 | F28: AAN2086 | G28: AANNR2086 | H28: On Air | I28: On Air | J28: On Air | K28: On Air | L28: 2009 | M28: Permanent | N28: 24.19925 | O28: 55.43428 | P28: Nokia/Ericsson | Q28: Outdoor | R28: EITC Passive Infrastructure | S28: Greenfield | T28: Outdoor Green field-du Owned | U28: Du Solo | V28: Lattice Tower | W28: 2G+3G+4G+5G | X28: Enclosure6130 | Y28: 4CC | Z28: 4T4R | AA28: U2100 + U900 | AB28: L1800 (F1+F2) + L800 + L2100 | AC28: 1CC | AD28: 8006700 | AE28: 41 | AF28: 6 | AG28: 3 | AH28: N41 | AI28: 3 | AJ28: 3 | CD28: IIB | CE28: AAN-2086-CSG-ASR920-LD-1 | CF28: 40 | CG28: #N/A | CH28: from data base
A29: AAN2087 | B29: Site 5943 | C29: AAN | D29: AAN2087 | E29: AAN2087 | F29: AAN2087 | G29: AANNR2087 | H29: On Air | I29: On Air | J29: On Air | K29: On Air | L29: 2009 | M29: Permanent | N29: 24.202337 | O29: 55.731741 | P29: Nokia/Ericsson | Q29: Outdoor | R29: EITC Passive Infrastructure | S29: Greenfield | T29: Outdoor Green field-du Owned | U29: Du Solo | V29: Monopole | W29: 2G+3G+4G+5G | X29: Enclosure6130 | Y29: 3CC | Z29: 4T4R | AA29: U2100 + U900 | AB29: L1800 (F1) + L800 + L2100 | AC29: 2CC | AD29: 8002500 | AE29: 28 | AF29: 6 | AG29: 3 | AH29: N78 | AI29: 3 | AJ29: 3 | CD29: IIB | CE29: AAN-2087-CSG-IXR-E-1 | CF29: 30 | CG29: #N/A | CH29: from data base
A30: AAN2088 | B30: Site 5944 | C30: AAN | D30: AAN2088 | E30: AAN2088 | F30: AAN2088 | G30: AANNR2088 | H30: On Air | I30: On Air | J30: On Air | K30: On Air | L30: 2009 | M30: Permanent | N30: 24.1531 | O30: 55.81241 | P30: Nokia/Ericsson | Q30: Outdoor | R30: EITC Passive Infrastructure | S30: Greenfield | T30: Outdoor Green field-du Owned | U30: Du Solo | V30: Monopole | W30: 2G+3G+4G+5G | X30: Enclosure6130 | Y30: 4CC | Z30: 4T4R | AA30: U2100 + U900 | AB30: L1800 (F1+F2) + L800 + L2100 | AC30: 1CC | AD30: 8002200 | AE30: 27 | AF30: 6 | AG30: 3 | AH30: N41 | AI30: 3 | AJ30: 3 | CD30: IIB | CE30: AAN-2088-PREAGG-SR7-1 | CF30: 30 | CG30: #N/A | CH30: from data base
A31: AAN2096 | B31: Site 5945 | C31: AAN | D31: AAN2096 | E31: AAN2096 | F31: AAN2096 | G31: AANNR2096 | H31: On Air | I31: On Air | J31: On Air | K31: On Air | L31: 2009 | M31: Permanent | N31: 24.1674 | O31: 55.1179 | P31: Nokia/Ericsson | Q31: Outdoor | R31: EITC Passive Infrastructure | S31: Greenfield | T31: Outdoor Green field-du Owned | U31: Du Solo | V31: Lattice Tower | W31: 2G+3G+4G+5G | X31: Enclosure6130 | Y31: 4CC | Z31: 4T4R | AA31: U2100 + U900 | AB31: L1800 (F1+F2) + L800 + L2100 | AC31: 1CC | AD31: 8007300 | AE31: 40 | AF31: 8 | AG31: 3 | AH31: N41 | AI31: 4 | AJ31: 3 | CD31: IIB | CE31: AAN-2096-CSG-IXR-E-1 | CF31: 45 | CG31: #N/A | CH31: from data base
A32: AAN2098 | B32: Site 5946 | C32: AAN | D32: AAN2098 | E32: AAN2098 | F32: AAN2098 | G32: AANNR2098 | H32: On Air | I32: On Air | J32: On Air | K32: On Air | L32: 2009 | M32: Permanent | N32: 24.19101 | O32: 55.35354 | P32: Nokia/Ericsson | Q32: Outdoor | R32: EITC Passive Infrastructure | S32: Greenfield | T32: Outdoor Green field-du Owned | U32: Du Solo | V32: Lattice Tower | W32: 2G+3G+4G+5G | X32: Enclosure6130 | Y32: 4CC | Z32: 4T4R | AA32: U2100 + U900 | AB32: L1800 (F1+F2) + L800 + L2100 | AC32: 1CC | AD32: 8007100 | AE32: 43 | AF32: 6 | AG32: 3 | AH32: N41 | AI32: 3 | AJ32: 3 | CD32: OSN/IIB | CE32: AAN-2098-CSG-SAR-8-1 | CF32: 50 | CG32: #N/A | CH32: from data base
A33: AAN2200 | B33: Site 5947 | C33: AAN | E33: AAN2200 | F33: AAN2200 | G33: AANNR2200 | I33: On Air | J33: On Air | K33: On Air | L33: 42960 | M33: Permanent | N33: 23.630973 | O33: 55.561021 | P33: Ericsson | Q33: Outdoor | R33: EITC Passive Infrastructure | S33: Greenfield | T33: Outdoor Green field-du Owned | U33: Du Solo | V33: Monopole | W33: 3G+4G+5G | X33: Enclosure6130 | Y33: 2CC | Z33: 4T4R | AA33: U2100 + U900 | AB33: L800 + L2100 | AC33: 1CC | AD33: 8009300 | AE33: 33 | AF33: 6 | AG33: 3 | AH33: N41 | AI33: 3 | AJ33: 3 | CD33: MW | CE33: 0 | CF33: 35 | CG33: #N/A | CH33: from data base
A34: AAN2250 | B34: Site 5948 | C34: AAN | D34: AAN2250 | E34: AAN2250 | F34: AAN2250 | G34: AANNR2250 | H34: On Air | I34: On Air | J34: On Air | K34: On Air | L34: 2009 | M34: Permanent | N34: 24.18723 | O34: 55.73708 | P34: Nokia/Ericsson | Q34: Outdoor | R34: EITC Passive Infrastructure | S34: Greenfield | T34: Outdoor Green field-du Owned | U34: Du Solo | V34: Monopole | W34: 2G+3G+4G+5G | X34: Enclosure6130 | Y34: 3CC | Z34: 4T4R | AA34: U2100 + U900 | AB34: L1800 (F1) + L800 + L2100 | AC34: 2CC | AD34: 8002500 | AE34: 28 | AF34: 6 | AG34: 3 | AH34: N78 | AI34: 3 | AJ34: 3 | CD34: IIB | CE34: AAN-2250-CSG-ASR920-LD-1 | CF34: 30 | CG34: #N/A | CH34: from data base
A35: AAN2252 | B35: Site 5949 | C35: AAN | D35: AAN2252 | E35: AAN2252 | F35: AAN2252 | G35: AANNR2252 | H35: On Air | I35: On Air | J35: On Air | K35: On Air | L35: 2009 | M35: Permanent | N35: 24.18841 | O35: 55.76362 | P35: Nokia/Ericsson | Q35: Outdoor | R35: EITC Passive Infrastructure | S35: Greenfield | T35: Outdoor Green field-du Owned | U35: Du Solo | V35: Monopole | W35: 2G+3G+4G+5G | X35: Enclosure6130 | Y35: 4CC | Z35: 4T4R | AA35: U2100 + U900 | AB35: L1800 (F1+F2) + L800 + L2100 | AC35: 2CC | AD35: 8002400 | AE35: 28 | AF35: 6 | AG35: 3 | AH35: N78 | AI35: 3 | AJ35: 3 | CD35: IIB | CE35: AAN-2252-CSG-SAR-X-1 | CF35: 30 | CG35: #N/A | CH35: from data base
A36: AAN2253 | B36: Site 5950 | C36: AAN | E36: AAN2253 | F36: AAN2253 | G36: AANNR2253 | I36: On Air | J36: On Air | K36: On Air | L36: 2009 | M36: Permanent | N36: 24.22194 | O36: 55.74569 | P36: Ericsson | Q36: Outdoor | R36: Site Sharing | S36: Site Sharing | T36: Outdoor Site Sharing-Etisalat Owned | U36: SS Opex | V36: Site Share | W36: 3G+4G+5G | X36: Enclosure6130 | Y36: 4CC | Z36: 4T4R | AA36: U2100 + U900 | AB36: L1800 (F1+F2) + L800 + L2100 | AC36: 2CC | AD36: 8001500 | AE36: 19 | AF36: 6 | AG36: 3 | AH36: N78 | AI36: 3 | AJ36: 3 | CD36: IIB | CE36: AAN-2253-CSG-SAR-X-1 | CF36: 23 | CG36: PalmTree
A37: AAN2256 | B37: Site 5951 | C37: AAN | D37: AAN2256 | E37: AAN2256 | F37: AAN2256 | G37: AANNR2256 | H37: On Air | I37: On Air | J37: On Air | K37: On Air | L37: 2009 | M37: Permanent | N37: 24.1592 | O37: 55.69785 | P37: Nokia/Ericsson | Q37: Outdoor | R37: EITC Passive Infrastructure | S37: Greenfield | T37: Outdoor Green field-du Owned | U37: DU Solo | V37: Monopole | W37: 2G+3G+4G+5G | X37: Enclosure6130 | Y37: 4CC | Z37: 4T4R | AA37: U2100 + U900 | AB37: L1800 (F1+F2) + L800 + L2100 | AC37: 2CC | AD37: 8002900 | AE37: 26 | AF37: 8 | AG37: 3 | AH37: N78 | AI37: 4 | AJ37: 3 | CD37: IIB | CE37: AAN-2256-CSG-SAR-X-1 | CF37: 30 | CG37: #N/A | CH37: from data base
A38: AAN2262 | B38: Site 5952 | C38: AAN | D38: AAN2262 | E38: AAN2262 | F38: AAN2262 | G38: AANNR2262 | H38: On Air | I38: On Air | J38: On Air | K38: On Air | L38: 2009 | M38: Permanent | N38: 24.11309 | O38: 55.74963 | P38: Nokia/Ericsson | Q38: Outdoor | R38: Site Sharing | S38: Site Sharing | T38: Outdoor Site Sharing-Etisalat Owned | U38: SS Opex | V38: SS - Lattice Tower | W38: 2G+3G+4G+5G | X38: Enclosure6130 | Y38: 3CC | Z38: 4T4R | AA38: U2100 + U900 | AB38: L1800 (F1) + L800 + L2100 | AC38: 2CC | AD38: 8002700 | AE38: 35 | AF38: 6 | AG38: 3 | AH38: N78 | AI38: 3 | AJ38: 3 | CD38: IIB | CE38: AAN-2262-CSG-IXR-E-1 | CF38: 35 | CG38: Monopole | CH38: sharing site/ from data base
A39: AAN2263 | B39: Site 5953 | C39: AAN | D39: AAN2263 | E39: AAN2263 | F39: AAN2263 | H39: On Air | I39: On Air | J39: On Air | L39: 2009 | M39: Permanent | N39: 24.10437 | O39: 55.7408 | P39: Nokia/Ericsson | Q39: Outdoor | R39: Site Sharing | S39: Site Sharing | T39: Outdoor Site Sharing-Etisalat Owned | U39: SS Opex | V39: SS - Lattice Tower | W39: 2G+3G+4G | X39: Enclosure6130 | Y39: 3CC | Z39: 4T4R | AA39: U2100 + U900 | AB39: L1800 (F1) + L800 + L2100 | AD39: 8002700 | AE39: 25 | AF39: 6 | AI39: 3 | CD39: MW | CE39: 0 | CF39: 30 | CG39: Monopole | CH39: sharing site/ from data base
A40: AAN2264 | B40: Site 5954 | C40: AAN | D40: AAN2264 | E40: AAN2264 | F40: AAN2264 | G40: AANNR2264 | H40: On Air | I40: On Air | J40: On Air | K40: On Air | L40: 40523 | M40: Permanent | N40: 24.0582 | O40: 55.72555 | P40: Nokia/Ericsson | Q40: Outdoor | R40: EITC Passive Infrastructure | S40: Greenfield | T40: Outdoor Green field-du Owned | U40: Du Solo | V40: Lattice Tower | W40: 2G+3G+4G+5G | X40: Enclosure6130 | Y40: 3CC | Z40: 4T4R | AA40: U2100 + U900 | AB40: L1800 (F1) + L800 + L2100 | AC40: 2CC | AD40: 8002800 | AE40: 25 | AF40: 6 | AG40: 3 | AH40: N78 | AI40: 3 | AJ40: 3 | CD40: IIB | CE40: AAN-2264-CSG-IXR-E-1 | CF40: 45 | CG40: #N/A | CH40: from data base
A41: AAN2265 | B41: Site 5955 | C41: AAN | D41: AAN2265 | E41: AAN2265 | F41: AAN2265 | G41: AANNR2265 | H41: On Air | I41: On Air | J41: On Air | K41: On Air | L41: 40477 | M41: Permanent | N41: 23.994575 | O41: 55.572864 | P41: Nokia/Ericsson | Q41: Outdoor | R41: EITC Passive Infrastructure | S41: Greenfield | T41: Outdoor Green field-du Owned | U41: Du Solo | V41: Lattice Tower | W41: 2G+3G+4G+5G | X41: Enclosure6130 | Y41: 4CC | Z41: 4T4R | AA41: U2100 + U900 | AB41: L1800 (F1+F2) + L800 + L2100 | AC41: 1CC | AD41: 8008500 | AE41: 54 | AF41: 6 | AG41: 3 | AH41: N41 | AI41: 3 | AJ41: 3 | CD41: IIB | CE41: AAN-2265-PREAGG-SR7-1 | CF41: 55 | CG41: #N/A | CH41: from data base
A42: AAN2266 | B42: Site 5956 | C42: AAN | D42: AAN2266 | E42: AAN2266 | F42: AAN2266 | G42: AANNR2266 | H42: On Air | I42: On Air | J42: On Air | K42: On Air | L42: 40477 | M42: Permanent | N42: 23.9423 | O42: 55.47793 | P42: Nokia/Ericsson | Q42: Outdoor | R42: EITC Passive Infrastructure | S42: Greenfield | T42: Outdoor Green field-du Owned | U42: Du Solo | V42: Lattice Tower | W42: 2G+3G+4G+5G | X42: Enclosure6130 | Y42: 4CC | Z42: 4T4R | AA42: U2100 + U900 | AB42: L1800 (F1+F2) + L800 + L2100 | AC42: 1CC | AD42: 8008500 | AE42: 59 | AF42: 6 | AG42: 3 | AH42: N41 | AI42: 3 | AJ42: 3 | CD42: IIB | CE42: AAN-2266-CSG-ASR920-LD-1 | CF42: 55 | CG42: #N/A | CH42: from data base
A43: AAN2267 | B43: Site 5957 | C43: AAN | D43: AAN2267 | E43: AAN2267 | F43: AAN2267 | G43: AANNR2267 | H43: On Air | I43: On Air | J43: On Air | K43: On Air | L43: 40478 | M43: Permanent | N43: 23.862774 | O43: 55.521002 | P43: Nokia/Ericsson | Q43: Outdoor | R43: EITC Passive Infrastructure | S43: Greenfield | T43: Outdoor Green field-du Owned | U43: Du Solo | V43: Lattice Tower | W43: 2G+3G+4G+5G | X43: Enclosure6130 | Y43: 4CC | Z43: 4T4R | AA43: U2100 + U900 | AB43: L1800 (F1+F2) + L800 + L2100 | AC43: 1CC | AD43: 8008900 | AE43: 55 | AF43: 6 | AG43: 3 | AH43: N41 | AI43: 3 | AJ43: 3 | CD43: IIB | CE43: AAN-2267-CSG-ASR920-LD-1 | CF43: 55 | CG43: #N/A | CH43: from data base
A44: AAN2268 | B44: Site 5958 | C44: AAN | D44: AAN2268 | E44: AAN2268 | F44: AAN2268 | G44: AANNR2268 | H44: On Air | I44: On Air | J44: On Air | K44: On Air | L44: 40478 | M44: Permanent | N44: 23.7534 | O44: 55.52595 | P44: Nokia/Ericsson | Q44: Outdoor | R44: EITC Passive Infrastructure | S44: Greenfield | T44: Outdoor Green field-du Owned | U44: Du Solo | V44: Lattice Tower | W44: 2G+3G+4G+5G | X44: Enclosure6130 | Y44: 2CC | Z44: 4T4R | AA44: U2100 + U900 | AB44: L800 + L2100 | AC44: 1CC | AD44: 8009300 | AE44: 56 | AF44: 6 | AG44: 3 | AH44: N41 | AI44: 3 | AJ44: 3 | CD44: MW | CE44: 0 | CF44: 55 | CG44: #N/A | CH44: from data base
A45: AAN2269 | B45: Site 5959 | C45: AAN | D45: AAN2269 | E45: AAN2269 | F45: AAN2269 | H45: On Air | I45: On Air | J45: On Air | L45: 2009 | M45: Permanent | N45: 23.63854 | O45: 55.56595 | P45: Nokia/Ericsson | Q45: Outdoor | R45: Site Sharing | S45: Site Sharing | T45: Outdoor Site Sharing-Etisalat Owned | U45: SS Opex | V45: SS - Lattice Tower | W45: 2G+3G+4G | X45: Enclosure6130 | Y45: 4CC | Z45: 4T4R | AA45: U2100 + U900 | AB45: L1800 (F1+F2) + L800 + L2100 | AD45: 8009300 | AE45: 66 | AF45: 6 | AI45: 3 | CD45: MW | CE45: 0 | CF45: 120 | CG45: LatticeTower | CH45: sharing site/ from data base
A46: AAN2270 | B46: Site 5960 | C46: AAN | D46: AAN2270 | E46: AAN2270 | F46: AAN2270 | G46: AANNR2270 | H46: On Air | I46: On Air | J46: On Air | K46: On Air | L46: 40478 | M46: Permanent | N46: 23.5403 | O46: 55.4962 | P46: Nokia/Ericsson | Q46: Outdoor | R46: EITC Passive Infrastructure | S46: Greenfield | T46: Outdoor Green field-du Owned | U46: Du Solo | V46: Lattice Tower | W46: 2G+3G+4G+5G | X46: Enclosure6130 | Y46: 2CC | Z46: 4T4R | AA46: U2100 + U900 | AB46: L800 + L2100 | AC46: 1CC | AD46: 8009300 | AE46: 44 | AF46: 6 | AG46: 3 | AH46: N41 | AI46: 3 | AJ46: 3 | CD46: MW | CE46: 0 | CF46: 45 | CG46: #N/A | CH46: from data base
A47: AAN2271 | B47: Site 5961 | C47: AAN | D47: AAN2271 | E47: AAN2271 | F47: AAN2271 | H47: On Air | I47: On Air | J47: On Air | L47: 2009 | M47: Permanent | N47: 23.39905 | O47: 55.42307 | P47: Nokia/Ericsson | Q47: Outdoor | R47: Site Sharing | S47: Site Sharing | T47: Outdoor Site Sharing-Etisalat Owned | U47: SS Opex | V47: SS - Lattice Tower | W47: 2G+3G+4G | X47: Enclosure6130 | Y47: 2CC | Z47: 4T4R | AA47: U2100 + U900 | AB47: L800 + L2100 | AD47: 8009500 | AE47: 70 | AF47: 6 | AI47: 3 | CD47: MW | CE47: 0 | CF47: 115 | CG47: LatticeTower | CH47: sharing site/ from data base
A48: AAN2272 | B48: Site 5962 | C48: AAN | D48: AAN2272 | E48: AAN2272 | F48: AAN2272 | H48: On Air | I48: On Air | J48: On Air | L48: 2009 | M48: Permanent | N48: 23.3157 | O48: 55.35715 | P48: Nokia/Ericsson | Q48: Outdoor | R48: EITC Passive Infrastructure | S48: Greenfield | T48: Outdoor Green field-du Owned | U48: Du Solo | V48: Lattice Tower | W48: 2G+3G+4G | X48: Enclosure6130 | Y48: 2CC | Z48: 4T4R | AA48: U2100 + U900 | AB48: L800 + L2100 | AD48: 8009500 | AE48: 73 | AF48: 6 | AI48: 3 | CD48: MW | CE48: 0 | CF48: 70 | CG48: #N/A | CH48: from data base
A49: AAN2273 | B49: Site 5963 | C49: AAN | D49: AAN2273 | E49: AAN2273 | F49: AAN2273 | H49: On Air | I49: On Air | J49: On Air | L49: 41303 | M49: Permanent | N49: 23.47247 | O49: 55.29668 | P49: Nokia/Ericsson | Q49: Outdoor | R49: Site Sharing | S49: Site Sharing | T49: Outdoor Site Sharing-Etisalat Owned | U49: SS Opex | V49: SS - Lattice Tower | W49: 2G+3G+4G | X49: Enclosure6130 | Y49: 2CC | Z49: 4T4R | AA49: U2100 + U900 | AB49: L800 + L2100 | AD49: 8009500 | AE49: 70 | AF49: 6 | AI49: 3 | CD49: MW | CE49: 0 | CF49: 90 | CG49: LatticeTower | CH49: sharing site/ from data base
A50: AAN2289 | B50: Site 5964 | C50: AAN | D50: AAN2289 | E50: AAN2289 | F50: AAN2289 | G50: AANNR2289 | H50: On Air | I50: On Air | J50: On Air | K50: On Air | L50: 2009 | M50: Permanent | N50: 24.20439 | O50: 55.80582 | P50: Nokia/Ericsson | Q50: Outdoor | R50: EITC Passive Infrastructure | S50: Greenfield | T50: Outdoor Green field-du Owned | U50: Du Solo | V50: Monopole | W50: 2G+3G+4G+5G | X50: Enclosure6130 | Y50: 3CC | Z50: 4T4R | AA50: U2100 + U900 | AB50: L1800 (F1) + L800 + L2100 | AC50: 2CC | AD50: 8001900 | AE50: 37 | AF50: 6 | AG50: 3 | AH50: N78 | AI50: 3 | AJ50: 3 | CD50: IIB | CE50: AAN-2289-CSG-ASR920-LD-1 | CF50: 40 | CG50: #N/A | CH50: from data base
A51: AAN2290 | B51: Site 5965 | C51: AAN | D51: AAN2290 | E51: AAN2290 | F51: AAN2290 | G51: AANNR2290 | H51: On Air | I51: On Air | J51: On Air | K51: On Air | L51: 40495 | M51: Permanent | N51: 24.19204 | O51: 55.75724 | P51: Nokia/Ericsson | Q51: Outdoor | R51: EITC Passive Infrastructure | S51: Rooftop | T51: RT-du Owned | U51: Du Solo | V51: Rooftop | W51: 2G+3G+4G+5G | X51: Enclosure6130 | Y51: 4CC | Z51: 4T4R | AA51: U2100 + U900 | AB51: L1800 (F1+F2) + L800 + L2100 | AC51: 2CC | AD51: 8002400 | AE51: 15 | AF51: 6 | AG51: 3 | AH51: N78 | AI51: 3 | AJ51: 3 | CD51: IIB | CE51: AAN-2290-CSG-SAR-X-1 | CF51: 3 | CG51: #N/A | CH51: Rooftop
A52: AAN2291 | B52: Site 5966 | C52: AAN | D52: AAN2291 | E52: AAN2291 | F52: AAN2291 | G52: AANNR2291 | H52: On Air | I52: On Air | J52: On Air | K52: On Air | L52: 2009 | M52: Permanent | N52: 24.19934 | O52: 55.7575 | P52: Nokia/Ericsson | Q52: Outdoor | R52: EITC Passive Infrastructure | S52: Rooftop | T52: RT-du Owned | U52: Du Solo | V52: Rooftop | W52: 2G+3G+4G+5G | X52: Enclosure6130 | Y52: 4CC | Z52: 4T4R | AA52: U2100 + U900 | AB52: L1800 (F1+F2) + L800 + L2100 | AC52: 2CC | AD52: 8002400 | AE52: 13 | AF52: 6 | AG52: 3 | AH52: N78 | AI52: 3 | AJ52: 3 | CD52: IIB | CE52: AAN-2291-CSG-SAR-X-1 | CF52: 3 | CG52: #N/A | CH52: Rooftop
A53: AAN2292 | B53: Site 5967 | C53: AAN | D53: AAN2292 | E53: AAN2292 | F53: AAN2292 | G53: AANNR2292 | H53: On Air | I53: On Air | J53: On Air | K53: On Air | L53: 2009 | M53: Permanent | N53: 24.19584 | O53: 55.73655 | P53: Nokia/Ericsson | Q53: Outdoor | R53: EITC Passive Infrastructure | S53: Greenfield | T53: Outdoor Green field-du Owned | U53: DU Solo | V53: Monopole | W53: 2G+3G+4G+5G | X53: Enclosure6130 | Y53: 3CC | Z53: 4T4R | AA53: U2100 + U900 | AB53: L1800 (F1) + L800 + L2100 | AC53: 2CC | AD53: 8002500 | AE53: 29 | AF53: 6 | AG53: 3 | AH53: N78 | AI53: 3 | AJ53: 3 | CD53: IIB | CE53: AAN-2292-CSG-ASR920-LD-1 | CF53: 30 | CG53: #N/A | CH53: from data base
A54: AAN2296 | B54: Site 5968 | C54: AAN | D54: AAN2296 | E54: AAN2296 | F54: AAN2296 | G54: AANNR2296 | H54: On Air | I54: On Air | J54: On Air | K54: On Air | L54: 40455 | M54: Permanent | N54: 24.26466 | O54: 55.68131 | P54: Nokia/Ericsson | Q54: Outdoor | R54: Site Sharing | S54: Site Sharing | T54: Outdoor Site Sharing-Etisalat Owned | U54: SS Opex | V54: SS - Monopole | W54: 2G+3G+4G+5G | X54: BTS3900/Ultra 2G | Y54: 2CC | Z54: 4T4R | AA54: U2100 + U900 | AB54: L800 + L2100 | AC54: 1CC | AD54: 8000600 | AE54: 25 | AF54: 6 | AG54: 3 | AH54: N41 | AI54: 3 | AJ54: 3 | CD54: IIB | CE54: AAN-2296-CSG-ASR920-LD-1 | CF54: 60 | CG54: LatticeTower | CH54: sharing site/ from data base
A55: AAN2300 | B55: Site 5969 | C55: AAN | D55: AAN2300 | E55: AAN2300 | F55: AAN2300 | G55: AANNR2300 | H55: On Air | I55: On Air | J55: On Air | K55: On Air | L55: 40465 | M55: Permanent | N55: 24.16453 | O55: 55.68256 | P55: Nokia/Ericsson | Q55: Outdoor | R55: EITC Passive Infrastructure | S55: Greenfield | T55: Outdoor Green field-du Owned | U55: DU Solo | V55: Monopole | W55: 2G+3G+4G+5G | X55: Enclosure6130 | Y55: 3CC | Z55: 4T4R | AA55: U2100 + U900 | AB55: L1800 (F1) + L800 + L2100 | AC55: 2CC | AD55: 8003000 | AE55: 27 | AF55: 6 | AG55: 3 | AH55: N78 | AI55: 3 | AJ55: 3 | CD55: IIB | CE55: AAN-2300-CSG-SAR-X-1 | CF55: 30 | CG55: #N/A | CH55: from data base
A56: AAN2301 | B56: Site 5970 | C56: AAN | D56: AAN2301 | E56: AAN2301 | F56: AAN2301 | G56: AANNR2301 | H56: On Air | I56: On Air | J56: On Air | K56: On Air | L56: 2009 | M56: Permanent | N56: 24.13842 | O56: 55.68948 | P56: Nokia/Ericsson | Q56: Outdoor | R56: EITC Passive Infrastructure | S56: Greenfield | T56: Outdoor Green field-du Owned | U56: DU Solo | V56: Monopole | W56: 2G+3G+4G+5G | X56: Enclosure6130 | Y56: 4CC | Z56: 4T4R | AA56: U2100 + U900 | AB56: L1800 (F1+F2) + L800 + L2100 | AC56: 2CC | AD56: 8002900 | AE56: 37 | AF56: 6 | AG56: 3 | AH56: N78 | AI56: 3 | AJ56: 3 | CD56: IIB | CE56: AAN-2301-AGGR-SR7B-1 | CF56: 40 | CG56: #N/A | CH56: from data base
A57: AAN2302 | B57: Site 5971 | C57: AAN | D57: AAN2302 | E57: AAN2302 | F57: AAN2302 | G57: AANNR2302 | H57: Locked | I57: On Air | J57: On Air | K57: On Air | L57: 2009 | M57: Permanent | N57: 24.11221 | O57: 55.70898 | P57: Nokia/Ericsson | Q57: Outdoor | R57: EITC Passive Infrastructure | S57: Greenfield | T57: Outdoor Green field-du Owned | U57: Du Solo | V57: Monopole | W57: 2G+3G+4G+5G | X57: Enclosure6130 | Y57: 3CC | Z57: 4T4R | AA57: U2100 + U900 | AB57: L1800 (F1) + L800 + L2100 | AC57: 1CC | AD57: 8003300 | AE57: 38 | AF57: 6 | AG57: 3 | AH57: N41 | AI57: 3 | AJ57: 3 | CD57: IIB | CE57: AAN-2302-PREAGG-SR7-1 | CF57: 40 | CG57: #N/A | CH57: from data base
A58: AAN2303 | B58: Site 5972 | C58: AAN | D58: AAN2303 | E58: AAN2303 | F58: AAN2303 | G58: AANNR2303 | H58: On Air | I58: On Air | J58: On Air | K58: On Air | L58: 2009 | M58: Permanent | N58: 24.09386 | O58: 55.71827 | P58: Nokia/Ericsson | Q58: Outdoor | R58: Site Sharing | S58: Site Sharing | T58: Outdoor Site Sharing-Etisalat Owned | U58: SS Opex | V58: SS - Monopole | W58: 2G+3G+4G+5G | X58: Enclosure6130 | Y58: 2CC | Z58: 4T4R | AA58: U2100 + U900 | AB58: L800 + L2100 | AC58: 1CC | AD58: 8002800 | AE58: 35 | AF58: 6 | AG58: 3 | AH58: N41 | AI58: 3 | AJ58: 3 | CD58: IIB | CE58: AAN-2303-CSG-IXR-E-1 | CF58: 40 | CG58: Monopole | CH58: sharing site/ from data base
A59: AAN2304 | B59: Site 5973 | C59: AAN | D59: AAN2304 | E59: AAN2304 | F59: AAN2304 | G59: AANNR2304 | H59: On Air | I59: On Air | J59: On Air | K59: On Air | L59: 2009 | M59: Permanent | N59: 24.15053 | O59: 55.82918 | P59: Nokia/Ericsson | Q59: Outdoor | R59: EITC Passive Infrastructure | S59: Greenfield | T59: Outdoor Green field-du Owned | U59: DU Solo | V59: Lattice Tower | W59: 2G+3G+4G+5G | X59: Enclosure6130 | Y59: 4CC | Z59: 4T4R | AA59: U2100 + U900 | AB59: L1800 (F1+F2) + L800 + L2100 | AC59: 1CC | AD59: 8002200 | AE59: 39 | AF59: 8 | AG59: 3 | AH59: N41 | AI59: 4 | AJ59: 3 | CD59: IIB | CE59: AAN-2304-CSG-SAR-X-1 | CF59: 45 | CG59: #N/A | CH59: from data base
A60: AAN2305 | B60: Site 5974 | C60: AAN | D60: AAN2305 | E60: AAN2305 | F60: AAN2305 | G60: AANNR2305 | H60: On Air | I60: On Air | J60: On Air | K60: On Air | L60: 2009 | M60: Permanent | N60: 24.11221 | O60: 55.82245 | P60: Nokia/Ericsson | Q60: Outdoor | R60: EITC Passive Infrastructure | S60: Greenfield | T60: Outdoor Green field-du Owned | U60: Du Solo | V60: Lattice Tower | W60: 2G+3G+4G+5G | X60: Enclosure6130 | Y60: 3CC | Z60: 4T4R | AA60: U2100 + U900 | AB60: L1800 (F1) + L800 + L2100 | AC60: 1CC | AD60: 8002300 | AE60: 42 | AF60: 6 | AG60: 3 | AH60: N41 | AI60: 3 | AJ60: 3 | CD60: IIB | CE60: AAN-2305-AGGR-SR7B-1 | CF60: 45 | CG60: #N/A | CH60: from data base
A61: AAN2306 | B61: Site 5975 | C61: AAN | D61: AAN2306 | E61: AAN2306 | F61: AAN2306 | G61: AANNR2306 | H61: On Air | I61: On Air | J61: On Air | K61: On Air | L61: 2009 | M61: Permanent | N61: 24.07664 | O61: 55.84032 | P61: Nokia/Ericsson | Q61: Outdoor | R61: EITC Passive Infrastructure | S61: Greenfield | T61: Outdoor Green field-du Owned | U61: DU Solo | V61: Monopole | W61: 2G+3G+4G+5G | X61: Enclosure6130 | Y61: 3CC | Z61: 4T4R | AA61: U2100 + U900 | AB61: L1800 (F1) + L800 + L2100 | AC61: 1CC | AD61: 8008100 | AE61: 39 | AF61: 6 | AG61: 3 | AH61: N41 | AI61: 3 | AJ61: 3 | CD61: IIB | CE61: AAN-2306-CSG-ASR920-LD-1 | CF61: 40 | CG61: #N/A | CH61: from data base
A62: AAN2307 | B62: Site 5976 | C62: AAN | D62: AAN2307 | E62: AAN2307 | F62: AAN2307 | G62: AANNR2307 | H62: On Air | I62: On Air | J62: On Air | K62: On Air | L62: 2009 | M62: Permanent | N62: 24.04664 | O62: 55.84348 | P62: Nokia/Ericsson | Q62: Outdoor | R62: EITC Passive Infrastructure | S62: Greenfield | T62: Outdoor Green field-du Owned | U62: DU Solo | V62: Monopole | W62: 2G+3G+4G+5G | X62: Enclosure6130 | Y62: 3CC | Z62: 4T4R | AA62: U2100 + U900 | AB62: L1800 (F1) + L800 + L2100 | AC62: 1CC | AD62: 8008300 | AE62: 37 | AF62: 6 | AG62: 3 | AH62: N41 | AI62: 3 | AJ62: 3 | CD62: IIB | CE62: AAN-2307-CSG-ASR920-LD-1 | CF62: 40 | CG62: #N/A | CH62: from data base
A63: AAN2308 | B63: Site 5977 | C63: AAN | D63: AAN2308 | E63: AAN2308 | F63: AAN2308 | G63: AANNR2308 | H63: On Air | I63: On Air | J63: On Air | K63: On Air | L63: 2009 | M63: Permanent | N63: 24.07883 | O63: 55.86741 | P63: Nokia/Ericsson | Q63: Outdoor | R63: EITC Passive Infrastructure | S63: Greenfield | T63: Outdoor Green field-du Owned | U63: DU Solo | V63: Monopole | W63: 2G+3G+4G+5G | X63: Enclosure6130 | Y63: 3CC | Z63: 4T4R | AA63: U2100 + U900 | AB63: L1800 (F1) + L800 + L2100 | AC63: 1CC | AD63: 8008100 | AE63: 39 | AF63: 6 | AG63: 3 | AH63: N41 | AI63: 3 | AJ63: 3 | CD63: IIB | CE63: AAN-2308-CSG-SAR-X-1 | CF63: 40 | CG63: #N/A | CH63: from data base
A64: AAN2309 | B64: Site 5978 | C64: AAN | D64: AAN2309 | E64: AAN2309 | F64: AAN2309 | G64: AANNR2309 | H64: On Air | I64: On Air | J64: On Air | K64: On Air | L64: 2009 | M64: Permanent | N64: 24.098036 | O64: 55.900179 | P64: Nokia/Ericsson | Q64: Outdoor | R64: EITC Passive Infrastructure | S64: Greenfield | T64: Outdoor Green field-du Owned | U64: Du Solo | V64: Monopole | W64: 2G+3G+4G+5G | X64: Enclosure6130 | Y64: 3CC | Z64: 4T4R | AA64: U2100 + U900 | AB64: L1800 (F1) + L800 + L2100 | AC64: 1CC | AD64: 8007900 | AE64: 39 | AF64: 6 | AG64: 3 | AH64: N41 | AI64: 3 | AJ64: 3 | CD64: IIB | CE64: AAN-2309-CSG-ASR920-LD-1 | CF64: 40 | CG64: #N/A | CH64: from data base
A65: AAN2310 | B65: Site 5979 | C65: AAN | D65: AAN2310 | E65: AAN2310 | F65: AAN2310 | G65: AANNR2310 | H65: On Air | I65: On Air | J65: On Air | K65: On Air | L65: 40479 | M65: Permanent | N65: 24.145516 | O65: 54.914141 | P65: Nokia/Ericsson | Q65: Outdoor | R65: EITC Passive Infrastructure | S65: Greenfield | T65: Outdoor Green field-du Owned | U65: Du Solo | V65: Lattice Tower | W65: 2G+3G+4G+5G | X65: Enclosure6130 | Y65: 4CC | Z65: 4T4R | AA65: U2100 + U900 | AB65: L1800 (F1+F2) + L800 + L2100 | AC65: 1CC | AD65: 8007500 | AE65: 55 | AF65: 6 | AG65: 3 | AH65: N41 | AI65: 3 | AJ65: 3 | CD65: IIB | CE65: AAN-2310-CSG-IXR-E-1 | CF65: 30 | CG65: #N/A | CH65: from data base
A66: AAN2312 | B66: Site 5980 | C66: AAN | D66: AAN2312 | E66: AAN2312 | F66: AAN2312 | G66: AANNR2312 | H66: On Air | I66: On Air | J66: On Air | K66: On Air | L66: 40462 | M66: Permanent | N66: 24.1454 | O66: 55.5525 | P66: Nokia/Ericsson | Q66: Outdoor | R66: EITC Passive Infrastructure | S66: Greenfield | T66: Outdoor Green field-du Owned | U66: DU Solo | V66: Monopole | W66: 2G+3G+4G+5G | X66: Enclosure6130 | Y66: 4CC | Z66: 4T4R | AA66: U2100 + U900 | AB66: L1800 (F1+F2) + L800 + L2100 | AC66: 1CC | AD66: 8001100 | AE66: 39 | AF66: 6 | AG66: 3 | AH66: N41 | AI66: 3 | AJ66: 3 | CD66: MW | CE66: 0 | CF66: 40 | CG66: #N/A | CH66: from data base
A67: AAN2314 | B67: Site 5981 | C67: AAN | D67: AAN2314 | E67: AAN2314 | F67: AAN2314 | H67: On Air | I67: On Air | J67: On Air | L67: 40495 | M67: Permanent | N67: 24.17765 | O67: 55.46786 | P67: Nokia/Ericsson | Q67: Outdoor | R67: EITC Passive Infrastructure | S67: Greenfield | T67: Outdoor Green field-du Owned | U67: Du Solo | V67: Monopole | W67: 2G+3G+4G | X67: Enclosure6130 | Y67: 2CC | Z67: 4T4R | AA67: U2100 + U900 | AB67: L800 + L2100 | AD67: 8006700 | AE67: 38 | AF67: 6 | AI67: 3 | CD67: MW | CE67: 0 | CF67: 40 | CG67: #N/A | CH67: from data base
A68: AAN2315 | B68: Site 5982 | C68: AAN | D68: AAN2315 | E68: AAN2315 | F68: AAN2315 | G68: AANNR2315 | H68: On Air | I68: On Air | J68: On Air | K68: On Air | L68: 2009 | M68: Permanent | N68: 24.1318 | O68: 55.3094 | P68: Nokia/Ericsson | Q68: Outdoor | R68: Site Sharing | S68: Site Sharing | T68: Outdoor Site Sharing-Etisalat Owned | U68: SS Opex | V68: SS - Lattice Tower | W68: 2G+3G+4G+5G | X68: Enclosure6130 | Y68: 4CC | Z68: 4T4R | AA68: U2100 + U900 | AB68: L1800 (F1+F2) + L800 + L2100 | AC68: 1CC | AD68: 8007100 | AE68: 60 | AF68: 6 | AG68: 3 | AH68: N41 | AI68: 3 | AJ68: 3 | CD68: IIB | CE68: AAN-2315-CSG-IXR-E-1 | CF68: 90 | CG68: LatticeTower | CH68: sharing site/ from data base
A69: AAN2316 | B69: Site 5983 | C69: AAN | D69: AAN2316 | E69: AAN2316 | F69: AAN2316 | H69: On Air | I69: On Air | J69: On Air | L69: 41120 | M69: Permanent | N69: 24.1293 | O69: 55.0936 | P69: Nokia/Ericsson | Q69: Outdoor | R69: Site Sharing | S69: Site Sharing | T69: Outdoor Site Sharing-Etisalat Owned | U69: SS Opex | V69: SS - Lattice Tower | W69: 2G+3G+4G | X69: Enclosure6130 | Y69: 4CC | Z69: 4T4R | AA69: U2100 + U900 | AB69: L1800 (F1+F2) + L800 + L2100 | AD69: 2430100 | AE69: 70 | AF69: 6 | AI69: 3 | CD69: IIB | CE69: AAN-2316-CSG-SAR-X-1 | CF69: 90 | CG69: LatticeTower | CH69: sharing site/ from data base
A70: AAN2317 | B70: Site 5984 | C70: AAN | D70: AAN2317 | E70: AAN2317 | F70: AAN2317 | H70: On Air | I70: On Air | J70: On Air | L70: 40535 | M70: Permanent | N70: 24.25055 | O70: 55.09396 | P70: Nokia/Ericsson | Q70: Outdoor | R70: EITC Passive Infrastructure | S70: Greenfield | T70: Outdoor Green field-du Owned | U70: DU Solo | V70: Lattice Tower | W70: 2G+3G+4G | X70: Enclosure6130 | Y70: 2CC | Z70: 4T4R | AA70: U2100 + U900 | AB70: L800 + L2100 | AD70: 2430100 | AE70: 52 | AF70: 6 | AI70: 3 | CD70: IIB | CE70: AAN-2317-CSG-IXR-E-1 | CF70: 60 | CG70: #N/A | CH70: from data base
A71: AAN2319 | B71: Site 5985 | C71: AAN | D71: AAN2319 | E71: AAN2319 | F71: AAN2319 | G71: AANNR2319 | H71: On Air | I71: On Air | J71: On Air | K71: On Air | L71: 2009 | M71: Permanent | N71: 24.09422 | O71: 55.91416 | P71: Nokia/Ericsson | Q71: Outdoor | R71: EITC Passive Infrastructure | S71: Greenfield | T71: Outdoor Green field-du Owned | U71: Du Solo | V71: Lattice Tower | W71: 2G+3G+4G+5G | X71: Enclosure6130 | Y71: 4CC | Z71: 4T4R | AA71: U2100 + U900 | AB71: L1800 (F1+F2) + L800 + L2100 | AC71: 1CC | AD71: 8007900 | AE71: 35 | AF71: 8 | AG71: 3 | AH71: N41 | AI71: 4 | AJ71: 3 | CD71: IIB | CE71: AAN-2319-CSG-ASR920-LD-1 | CF71: 40 | CG71: #N/A | CH71: from data base
A72: AAN2320 | B72: Site 5986 | C72: AAN | D72: AAN2320 | E72: AAN2320 | F72: AAN2320 | G72: AANNR2320 | H72: On Air | I72: On Air | J72: On Air | K72: On Air | L72: 2009 | M72: Permanent | N72: 24.088688 | O72: 55.865266 | P72: Nokia/Ericsson | Q72: Outdoor | R72: EITC Passive Infrastructure | S72: Greenfield | T72: Outdoor Green field-du Owned | U72: DU Solo | V72: Monopole | W72: 2G+3G+4G+5G | X72: Enclosure6130 | Y72: 3CC | Z72: 4T4R | AA72: U2100 + U900 | AB72: L1800 (F1) + L800 + L2100 | AC72: 1CC | AD72: 8008100 | AE72: 38 | AF72: 6 | AG72: 3 | AH72: N41 | AI72: 3 | AJ72: 3 | CD72: IIB | CE72: AAN-2320-CSG-SAR-8-1 | CF72: 40 | CG72: #N/A | CH72: from data base
A73: AAN2321 | B73: Site 5987 | C73: AAN | D73: AAN2321 | E73: AAN2321 | F73: AAN2321 | G73: AANNR2321 | H73: On Air | I73: On Air | J73: On Air | K73: On Air | L73: 2009 | M73: Permanent | N73: 24.05881 | O73: 55.8401 | P73: Nokia/Ericsson | Q73: Outdoor | R73: EITC Passive Infrastructure | S73: Greenfield | T73: Outdoor Green field-du Owned | U73: Du Solo | V73: Monopole | W73: 2G+3G+4G+5G | X73: Enclosure6130 | Y73: 3CC | Z73: 4T4R | AA73: U2100 + U900 | AB73: L1800 (F1) + L800 + L2100 | AC73: 1CC | AD73: 8008300 | AE73: 38 | AF73: 6 | AG73: 3 | AH73: N41 | AI73: 3 | AJ73: 3 | CD73: IIB | CE73: AAN-2321-CSG-ASR920-LD-1 | CF73: 40 | CG73: #N/A | CH73: from data base
A74: AAN2322 | B74: Site 5988 | C74: AAN | D74: AAN2322 | E74: AAN2322 | F74: AAN2322 | G74: AANNR2322 | H74: On Air | I74: On Air | J74: On Air | K74: On Air | L74: 2009 | M74: Permanent | N74: 24.0953 | O74: 55.83577 | P74: Nokia/Ericsson | Q74: Outdoor | R74: EITC Passive Infrastructure | S74: Greenfield | T74: Outdoor Green field-du Owned | U74: DU Solo | V74: Monopole | W74: 2G+3G+4G+5G | X74: Enclosure6130 | Y74: 3CC | Z74: 4T4R | AA74: U2100 + U900 | AB74: L1800 (F1) + L800 + L2100 | AC74: 1CC | AD74: 8008100 | AE74: 38 | AF74: 6 | AG74: 3 | AH74: N41 | AI74: 3 | AJ74: 3 | CD74: IIB | CE74: AAN-2322-CSG-SAR-X-1 | CF74: 40 | CG74: #N/A | CH74: from data base
A75: AAN2323 | B75: Site 5989 | C75: AAN | D75: AAN2323 | E75: AAN2323 | F75: AAN2323 | G75: AANNR2323 | H75: On Air | I75: On Air | J75: On Air | K75: On Air | L75: 2009 | M75: Permanent | N75: 24.19145 | O75: 55.52063 | P75: Nokia/Ericsson | Q75: Outdoor | R75: EITC Passive Infrastructure | S75: Greenfield | T75: Outdoor Green field-du Owned | U75: Du Solo | V75: Monopole | W75: 2G+3G+4G+5G | X75: Enclosure6130 | Y75: 3CC | Z75: 4T4R | AA75: U2100 + U900 | AB75: L1800 (F1) + L800 + L2100 | AC75: 1CC | AD75: 8006500 | AE75: 40 | AF75: 6 | AG75: 3 | AH75: N41 | AI75: 3 | AJ75: 3 | CD75: IIB | CE75: AAN-2323-CSG-SAR-X-1 | CF75: 40 | CG75: #N/A | CH75: from data base
A76: AAN2324 | B76: Site 5990 | C76: AAN | D76: AAN2324 | E76: AAN2324 | F76: AAN2324 | G76: AANNR2324 | H76: On Air | I76: On Air | J76: On Air | K76: On Air | L76: 2009 | M76: Permanent | N76: 24.08624 | O76: 55.839021 | P76: Nokia/Ericsson | Q76: Outdoor | R76: EITC Passive Infrastructure | S76: Greenfield | T76: Outdoor Green field-du Owned | U76: Du Solo | V76: Monopole | W76: 2G+3G+4G+5G | X76: Enclosure6130 | Y76: 4CC | Z76: 4T4R | AA76: U2100 + U900 | AB76: L1800 (F1+F2) + L800 + L2100 | AC76: 1CC | AD76: 8008100 | AE76: 38 | AF76: 6 | AG76: 3 | AH76: N41 | AI76: 3 | AJ76: 3 | CD76: IIB | CE76: AAN-2324-CSG-SAR-X-1 | CF76: 40 | CG76: #N/A | CH76: from data base
A77: AAN2326 | B77: Site 5991 | C77: AAN | D77: AAN2326 | E77: AAN2326 | F77: AAN2326 | H77: On Air | I77: On Air | J77: On Air | L77: 2009 | M77: Permanent | N77: 24.12057 | O77: 55.40578 | P77: Nokia/Ericsson | Q77: Outdoor | R77: Site Sharing | S77: Site Sharing | T77: Outdoor Site Sharing-Etisalat Owned | U77: SS Opex | V77: SS - Lattice Tower | W77: 2G+3G+4G | X77: Enclosure6130 | Y77: 2CC | Z77: 4T4R | AA77: U2100 + U900 | AB77: L800 + L2100 | AD77: 8007100 | AE77: 62 | AF77: 6 | AI77: 3 | CD77: MW | CE77: 0 | CF77: 80 | CG77: LatticeTower | CH77: sharing site/ from data base
A78: AAN2327 | B78: Site 5992 | C78: AAN | D78: AAN2327 | E78: AAN2327 | F78: AAN2327 | G78: AANNR2327 | H78: On Air | I78: On Air | J78: On Air | K78: On Air | L78: 2009 | M78: Permanent | N78: 24.13684 | O78: 55.82281 | P78: Nokia/Ericsson | Q78: Outdoor | R78: EITC Passive Infrastructure | S78: Greenfield | T78: Outdoor Green field-du Owned | U78: DU Solo | V78: Monopole | W78: 2G+3G+4G+5G | X78: Enclosure6130 | Y78: 4CC | Z78: 4T4R | AA78: U2100 + U900 | AB78: L1800 (F1+F2) + L800 + L2100 | AC78: 1CC | AD78: 8002200 | AE78: 38 | AF78: 6 | AG78: 3 | AH78: N41 | AI78: 3 | AJ78: 3 | CD78: IIB | CE78: AAN-2327-CSG-SAR-X-1 | CF78: 40 | CG78: #N/A | CH78: from data base
A79: AAN2342 | B79: Site 5993 | C79: AAN | D79: AAN2342 | E79: AAN2342 | F79: AAN2342 | G79: AANNR2342 | H79: On Air | I79: On Air | J79: On Air | K79: On Air | L79: 2009 | M79: Permanent | N79: 24.15133 | O79: 55.70665 | P79: Nokia/Ericsson | Q79: Outdoor | R79: EITC Passive Infrastructure | S79: Greenfield | T79: Outdoor Green field-du Owned | U79: DU Solo | V79: Monopole | W79: 2G+3G+4G+5G | X79: Enclosure6130 | Y79: 3CC | Z79: 4T4R | AA79: U2100 + U900 | AB79: L1800 (F1) + L800 + L2100 | AC79: 2CC | AD79: 8002900 | AE79: 37 | AF79: 6 | AG79: 3 | AH79: N78 | AI79: 3 | AJ79: 3 | CD79: IIB | CE79: AAN-2342-CSG-SAR-X-1 | CF79: 40 | CG79: #N/A | CH79: from data base
A80: AAN2343 | B80: Site 5994 | C80: AAN | D80: AAN2343 | E80: AAN2343 | F80: AAN2343 | G80: AANNR2343 | H80: On Air | I80: On Air | J80: On Air | K80: On Air | L80: 2009 | M80: Permanent | N80: 24.16329 | O80: 55.66027 | P80: Nokia/Ericsson | Q80: Outdoor | R80: EITC Passive Infrastructure | S80: Greenfield | T80: Outdoor Green field-du Owned | U80: DU Solo | V80: Monopole | W80: 2G+3G+4G+5G | X80: Enclosure6130 | Y80: 3CC | Z80: 4T4R | AA80: U2100 + U900 | AB80: L1800 (F1) + L800 + L2100 | AC80: 2CC | AD80: 8003100 | AE80: 38 | AF80: 6 | AG80: 3 | AH80: N78 | AI80: 3 | AJ80: 3 | CD80: IIB | CE80: AAN-2343-CSG-ASR920-LD-1 | CF80: 40 | CG80: #N/A | CH80: from data base
A81: AAN2346 | B81: Site 5995 | C81: AAN | D81: AAN2346 | E81: AAN2346 | F81: AAN2346 | G81: AANNR2346 | H81: On Air | I81: On Air | J81: On Air | K81: On Air | L81: 2009 | M81: Permanent | N81: 24.16404 | O81: 55.81015 | P81: Nokia/Ericsson | Q81: Outdoor | R81: Site Sharing | S81: Site Sharing | T81: Outdoor Site Sharing-Etisalat Owned | U81: SS Opex | V81: SS - Monopole | W81: 2G+3G+4G+5G | X81: Enclosure6130 | Y81: 4CC | Z81: 4T4R | AA81: U2100 + U900 | AB81: L1800 (F1+F2) + L800 + L2100 | AC81: 1CC | AD81: 8002200 | AE81: 25 | AF81: 6 | AG81: 3 | AH81: N41 | AI81: 3 | AJ81: 3 | CD81: IIB | CE81: AAN-2346-CSG-ASR920-LD-1 | CF81: 30 | CG81: Monopole | CH81: sharing site/ from data base
A82: AAN2347 | B82: Site 5996 | C82: AAN | D82: AAN2347 | E82: AAN2347 | F82: AAN2347 | G82: AANNR2347 | H82: On Air | I82: On Air | J82: On Air | K82: On Air | L82: 2009 | M82: Permanent | N82: 24.17855 | O82: 55.20058 | P82: Nokia/Ericsson | Q82: Outdoor | R82: EITC Passive Infrastructure | S82: Greenfield | T82: Outdoor Green field-du Owned | U82: Du Solo | V82: Lattice Tower | W82: 2G+3G+4G+5G | X82: Enclosure6130 | Y82: 2CC | Z82: 4T4R | AA82: U2100 + U900 | AB82: L800 + L2100 | AC82: 1CC | AD82: 8007300 | AE82: 40 | AF82: 6 | AG82: 3 | AH82: N41 | AI82: 3 | AJ82: 3 | CD82: IIB | CE82: AAN-2347-CSG-IXR-E-1 | CF82: 40 | CG82: #N/A | CH82: from data base
A83: AAN2348 | B83: Site 5997 | C83: AAN | D83: AAN2348 | E83: AAN2348 | F83: AAN2348 | H83: On Air | I83: On Air | J83: On Air | L83: 40528 | M83: Permanent | N83: 24.2008 | O83: 55.3369 | P83: Nokia/Ericsson | Q83: Outdoor | R83: Site Sharing | S83: Site Sharing | T83: Outdoor Site Sharing-Etisalat Owned | U83: SS Opex | V83: SS - Monopole | W83: 2G+3G+4G | X83: Enclosure6130 | Y83: 4CC | Z83: 4T4R | AA83: U2100 + U900 | AB83: L1800 (F1+F2) + L800 + L2100 | AD83: 8007100 | AE83: 33 | AF83: 6 | AI83: 3 | CD83: IIB | CE83: AAN-2348-CSG-IXR-E-1 | CF83: 20 | CG83: Monopole | CH83: sharing site/ from data base
A84: AAN2352 | B84: Site 5998 | C84: AAN | D84: AAN2352 | E84: AAN2352 | F84: AAN2352 | G84: AANNR2352 | H84: On Air | I84: On Air | J84: On Air | K84: On Air | L84: 2009 | M84: Permanent | N84: 24.5086 | O84: 55.4785 | P84: Nokia/Ericsson | Q84: Outdoor | R84: Site Sharing | S84: Site Sharing | T84: Outdoor Site Sharing-Etisalat Owned | U84: SS Opex | V84: SS - Monopole | W84: 2G+3G+4G+5G | X84: Enclosure6130 | Y84: 4CC | Z84: 4T4R | AA84: U2100 + U900 | AB84: L1800 (F1+F2) + L800 + L2100 | AC84: 1CC | AD84: 8005600 | AE84: 30 | AF84: 6 | AG84: 3 | AH84: N41 | AI84: 3 | AJ84: 3 | CD84: IIB | CE84: AAN-2352-CSG-ASR920-LD-1 | CF84: 35 | CG84: Monopole | CH84: sharing site/ from data base
A85: AAN2383 | B85: Site 5999 | C85: AAN | D85: AAN2383 | E85: AAN2383 | F85: AAN2383 | G85: AANNR2383 | H85: On Air | I85: On Air | J85: On Air | K85: On Air | L85: 40532 | M85: Permanent | N85: 23.4285 | O85: 55.41047 | P85: Nokia/Ericsson | Q85: Outdoor | R85: Site Sharing | S85: Site Sharing | T85: Outdoor Site Sharing-Etisalat Owned | U85: SS Opex | V85: SS - Monopole | W85: 2G+3G+4G+5G | X85: Enclosure6130 | Y85: 2CC | Z85: 4T4R | AA85: U2100 + U900 | AB85: L800 + L2100 | AC85: 1CC | AD85: 8009500 | AE85: 37 | AF85: 6 | AG85: 3 | AH85: N41 | AI85: 3 | AJ85: 3 | CD85: MW | CE85: 0 | CF85: 40 | CG85: Monopole | CH85: sharing site/ from data base
A86: AAN2384 | B86: Site 6000 | C86: AAN | D86: AAN2384 | E86: AAN2384 | F86: AAN2384 | H86: On Air | I86: On Air | J86: On Air | L86: 40540 | M86: Permanent | N86: 24.01344 | O86: 55.56181 | P86: Nokia/Ericsson | Q86: Outdoor | R86: Site Sharing | S86: Site Sharing | T86: Outdoor Site Sharing-Etisalat Owned | U86: SS Opex | V86: SS - Monopole | W86: 2G+3G+4G | X86: Enclosure6130 | Y86: 4CC | Z86: 4T4R | AA86: U2100 + U900 | AB86: L1800 (F1+F2) + L800 + L2100 | AD86: 8008500 | AE86: 25 | AF86: 6 | AI86: 3 | CD86: IIB | CE86: AAN-2384-CSG-SAR-X-1 | CF86: 30 | CG86: Monopole | CH86: sharing site/ from data base
A87: AAN2392 | B87: Site 6001 | C87: AAN | D87: AAN2392 | E87: AAN2392 | F87: AAN2392 | G87: AANNR2392 | H87: On Air | I87: On Air | J87: On Air | K87: On Air | L87: 40456 | M87: Permanent | N87: 24.17351 | O87: 55.06206 | P87: Nokia/Ericsson | Q87: Outdoor | R87: EITC Passive Infrastructure | S87: Greenfield | T87: Outdoor Green field-du Owned | U87: Du Solo | V87: Monopole | W87: 2G+3G+4G+5G | X87: Enclosure6130 | Y87: 2CC | Z87: 4T4R | AA87: U2100 + U900 | AB87: L800 + L2100 | AC87: 1CC | AD87: 8007300 | AE87: 39 | AF87: 6 | AG87: 3 | AH87: N41 | AI87: 3 | AJ87: 3 | CD87: IIB | CE87: AAN-2392-CSG-IXR-E-1 | CF87: 40 | CG87: #N/A | CH87: from data base
A88: AAN2393 | B88: Site 6002 | C88: AAN | D88: AAN2393 | E88: AAN2393 | F88: AAN2393 | G88: AANNR2393 | H88: On Air | I88: On Air | J88: On Air | K88: On Air | L88: 2009 | M88: Permanent | N88: 24.09338 | O88: 55.10098 | P88: Nokia/Ericsson | Q88: Outdoor | R88: EITC Passive Infrastructure | S88: Greenfield | T88: Outdoor Green field-du Owned | U88: Du Solo | V88: Lattice Tower | W88: 2G+3G+4G+5G | X88: Enclosure6130 | Y88: 4CC | Z88: 4T4R | AA88: U2100 + U900 | AB88: L1800 (F1+F2) + L800 + L2100 | AC88: 1CC | AD88: 8007300 | AE88: 56 | AF88: 8 | AG88: 3 | AH88: N41 | AI88: 4 | AJ88: 3 | CD88: MW | CE88: 0 | CF88: 60 | CG88: #N/A | CH88: from data base
A89: AAN2394 | B89: Site 6003 | C89: AAN | D89: AAN2394 | E89: AAN2394 | F89: AAN2394 | H89: On Air | I89: On Air | J89: On Air | L89: 2009 | M89: Permanent | N89: 24.03036 | O89: 55.10789 | P89: Nokia/Ericsson | Q89: Outdoor | R89: Site Sharing | S89: Site Sharing | T89: Outdoor Site Sharing-Etisalat Owned | U89: SS Opex | V89: SS - Lattice Tower | W89: 2G+3G+4G | X89: Enclosure6130 | Y89: 2CC | Z89: 4T4R | AA89: U2100 + U900 | AB89: L800 + L2100 | AD89: 8007300 | AE89: 55 | AF89: 6 | AI89: 3 | CD89: MW | CE89: 0 | CF89: 120 | CG89: LatticeTower | CH89: sharing site/ from data base
A90: AAN2396 | B90: Site 6004 | C90: AAN | D90: AAN2396 | E90: AAN2396 | F90: AAN2396 | H90: On Air | I90: On Air | J90: On Air | L90: 2009 | M90: Permanent | N90: 23.98252 | O90: 55.18256 | P90: Nokia/Ericsson | Q90: Outdoor | R90: EITC Passive Infrastructure | S90: Greenfield | T90: Outdoor Green field-du Owned | U90: Du Solo | V90: Lattice Tower | W90: 2G+3G+4G | X90: Enclosure6130 | Y90: 2CC | Z90: 4T4R | AA90: U2100 + U900 | AB90: L800 + L2100 | AD90: 8007300 | AE90: 57 | AF90: 6 | AI90: 3 | CD90: MW | CE90: 0 | CF90: 60 | CG90: #N/A | CH90: from data base
A91: AAN2398 | B91: Site 6005 | C91: AAN | D91: AAN2398 | E91: AAN2398 | F91: AAN2398 | H91: On Air | I91: On Air | J91: On Air | L91: 2009 | M91: Permanent | N91: 24.00613 | O91: 55.40816 | P91: Nokia/Ericsson | Q91: Outdoor | R91: EITC Passive Infrastructure | S91: Greenfield | T91: Outdoor Green field-du Owned | U91: Du Solo | V91: Lattice Tower | W91: 2G+3G+4G | X91: Enclosure6130 | Y91: 2CC | Z91: 4T4R | AA91: U2100 + U900 | AB91: L800 + L2100 | AD91: 8007100 | AE91: 49 | AF91: 6 | AI91: 3 | CD91: MW | CE91: 0 | CF91: 60 | CG91: #N/A | CH91: from data base
A92: AAN2399 | B92: Site 6006 | C92: AAN | D92: AAN2399 | E92: AAN2399 | F92: AAN2399 | G92: AANNR2399 | H92: On Air | I92: On Air | J92: On Air | K92: On Air | L92: 40477 | M92: Permanent | N92: 24.04042 | O92: 55.61135 | P92: Nokia/Ericsson | Q92: Outdoor | R92: EITC Passive Infrastructure | S92: Greenfield | T92: Outdoor Green field-du Owned | U92: DU Solo | V92: Lattice Tower | W92: 2G+3G+4G+5G | X92: Enclosure6130 | Y92: 4CC | Z92: 4T4R | AA92: U2100 + U900 | AB92: L1800 (F1+F2) + L800 + L2100 | AC92: 1CC | AD92: 8006600 | AE92: 40 | AF92: 6 | AG92: 3 | AH92: N41 | AI92: 3 | AJ92: 3 | CD92: IIB | CE92: AAN-2399-PREAGG-SR7-1 | CF92: 40 | CG92: #N/A | CH92: from data base
A93: AAN2400 | B93: Site 6007 | C93: AAN | D93: AAN2400 | E93: AAN2400 | F93: AAN2400 | G93: AANNR2400 | H93: On Air | I93: On Air | J93: On Air | K93: On Air | L93: 40503 | M93: Permanent | N93: 24.12386 | O93: 55.20728 | P93: Nokia/Ericsson | Q93: Outdoor | R93: EITC Passive Infrastructure | S93: Greenfield | T93: Outdoor Green field-du Owned | U93: DU Solo | V93: Lattice Tower | W93: 2G+3G+4G+5G | X93: Enclosure6130 | Y93: 4CC | Z93: 4T4R | AA93: U2100 + U900 | AB93: L1800 (F1+F2) + L800 + L2100 | AC93: 1CC | AD93: 8007300 | AE93: 56 | AF93: 6 | AG93: 3 | AH93: N41 | AI93: 3 | AJ93: 3 | CD93: IIB | CE93: AAN-2400-CSG-IXR-E-1 | CF93: 50 | CG93: #N/A | CH93: from data base
A94: AAN2407 | B94: Site 6008 | C94: AAN | D94: AAN2407 | E94: AAN2407 | F94: AAN2407 | G94: AANNR2407 | H94: On Air | I94: On Air | J94: On Air | K94: On Air | L94: 40477 | M94: Permanent | N94: 24.02799 | O94: 55.54013 | P94: Nokia/Ericsson | Q94: Outdoor | R94: EITC Passive Infrastructure | S94: Greenfield | T94: Outdoor Green field-du Owned | U94: DU Solo | V94: Monopole | W94: 2G+3G+4G+5G | X94: Enclosure6130 | Y94: 4CC | Z94: 4T4R | AA94: U2100 + U900 | AB94: L1800 (F1+F2) + L800 + L2100 | AC94: 1CC | AD94: 8006600 | AE94: 38 | AF94: 6 | AG94: 3 | AH94: N41 | AI94: 3 | AJ94: 3 | CD94: IIB | CE94: AAN-2407-CSG-SAR-X-1 | CF94: 40 | CG94: #N/A | CH94: from data base
A95: AAN2408 | B95: Site 6009 | C95: AAN | D95: AAN2408 | E95: AAN2408 | F95: AAN2408 | H95: On Air | I95: On Air | J95: On Air | L95: 2009 | M95: Permanent | N95: 23.88059 | O95: 55.40385 | P95: Nokia/Ericsson | Q95: Outdoor | R95: Site Sharing | S95: Site Sharing | T95: Outdoor Site Sharing-Etisalat Owned | U95: SS Opex | V95: SS - Monopole | W95: 2G+3G+4G | X95: Enclosure6130 | Y95: 4CC | Z95: 4T4R | AA95: U2100 + U900 | AB95: L1800 (F1+F2) + L800 + L2100 | AD95: 8008600 | AE95: 36 | AF95: 6 | AI95: 3 | CD95: MW | CE95: 0 | CF95: 40 | CG95: Monopole | CH95: sharing site/ from data base
A96: AAN2409 | B96: Site 6010 | C96: AAN | D96: AAN2409 | E96: AAN2409 | F96: AAN2409 | G96: AANNR2409 | H96: On Air | I96: On Air | J96: On Air | K96: On Air | L96: 40488 | M96: Permanent | N96: 23.897543 | O96: 55.466139 | P96: Nokia/Ericsson | Q96: Outdoor | R96: EITC Passive Infrastructure | S96: Greenfield | T96: Outdoor Green field-du Owned | U96: Du Solo | V96: Lattice Tower | W96: 2G+3G+4G+5G | X96: Enclosure6130 | Y96: 2CC | Z96: 4T4R | AA96: U2100 + U900 | AB96: L800 + L2100 | AC96: 1CC | AD96: 8008600 | AE96: 38 | AF96: 6 | AG96: 3 | AH96: N41 | AI96: 3 | AJ96: 3 | CD96: IIB | CE96: AAN-2409-CSG-ASR920-LD-1 | CF96: 40 | CG96: #N/A | CH96: from data base
A97: AAN2420 | B97: Site 6011 | C97: AAN | D97: AAN2420 | E97: AAN2420 | F97: AAN2420 | G97: AANNR2420 | H97: Locked | I97: On Air | J97: On Air | K97: On Air | L97: 40490 | M97: Permanent | N97: 24.31068 | O97: 55.42333 | P97: Nokia/Ericsson | Q97: Outdoor | R97: Site Sharing | S97: Site Sharing | T97: Outdoor Site Sharing-Etisalat Owned | U97: SS Opex | V97: SS - Lattice Tower | W97: 2G+3G+4G+5G | X97: Enclosure6130 | Y97: 4CC | Z97: 4T4R | AA97: U2100 + U900 | AB97: L1800 (F1+F2) + L800 + L2100 | AC97: 1CC | AD97: 8005700 | AE97: 50 | AF97: 6 | AG97: 3 | AH97: N41 | AI97: 3 | AJ97: 3 | CD97: IIB | CE97: AAN-2420-CSG-SAR-X-1 | CF97: 120 | CG97: LatticeTower | CH97: sharing site/ from data base
A98: AAN2421 | B98: Site 6012 | C98: AAN | D98: AAN2421 | E98: AAN2421 | F98: AAN2421 | G98: AANNR2421 | H98: On Air | I98: On Air | J98: On Air | K98: On Air | L98: 41104 | M98: Permanent | N98: 23.70635 | O98: 55.56817 | P98: Nokia/Ericsson | Q98: Outdoor | R98: EITC Passive Infrastructure | S98: Greenfield | T98: Outdoor Green field-du Owned | U98: DU Solo | V98: Lattice Tower | W98: 2G+3G+4G+5G | X98: Enclosure6130 | Y98: 2CC | Z98: 4T4R | AA98: U2100 + U900 | AB98: L800 + L2100 | AC98: 1CC | AD98: 8009300 | AE98: 54 | AF98: 6 | AG98: 3 | AH98: N41 | AI98: 3 | AJ98: 3 | CD98: MW | CE98: 0 | CF98: 60 | CG98: #N/A | CH98: from data base
A99: AAN2422 | B99: Site 6013 | C99: AAN | D99: AAN2422 | E99: AAN2422 | F99: AAN2422 | G99: AANNR2422 | H99: On Air | I99: On Air | J99: On Air | K99: On Air | L99: 40478 | M99: Permanent | N99: 23.642853 | O99: 55.533472 | P99: Nokia/Ericsson | Q99: Outdoor | R99: EITC Passive Infrastructure | S99: Greenfield | T99: Outdoor Green field-du Owned | U99: DU Solo | V99: Lattice Tower | W99: 2G+3G+4G+5G | X99: Enclosure6130 | Y99: 2CC | Z99: 4T4R | AA99: U2100 + U900 | AB99: L800 + L2100 | AC99: 1CC | AD99: 8009300 | AE99: 56 | AF99: 6 | AG99: 3 | AH99: N41 | AI99: 3 | AJ99: 3 | CD99: MW | CE99: 0 | CF99: 50 | CG99: #N/A | CH99: from data base
A100: AAN2423 | B100: Site 6014 | C100: AAN | D100: AAN2423 | E100: AAN2423 | F100: AAN2423 | G100: AANNR2423 | H100: On Air | I100: On Air | J100: On Air | K100: On Air | L100: 40478 | M100: Permanent | N100: 23.58869 | O100: 55.5346 | P100: Nokia/Ericsson | Q100: Outdoor | R100: EITC Passive Infrastructure | S100: Greenfield | T100: Outdoor Green field-du Owned | U100: Du Solo | V100: Lattice Tower | W100: 2G+3G+4G+5G | X100: Enclosure6130 | Y100: 2CC | Z100: 4T4R | AA100: U2100 + U900 | AB100: L800 + L2100 | AC100: 1CC | AD100: 8009300 | AE100: 50 | AF100: 6 | AG100: 3 | AH100: N41 | AI100: 3 | AJ100: 3 | CD100: MW | CE100: 0 | CF100: 50 | CG100: #N/A | CH100: from data base
...

Sheet Dismantled Sites
A1: Sitecode | B1: Region | C1: 2G logical ID | D1: 3G logical ID | E1: 4G logical ID | F1: 5G NRogicaNR ID | G1: 2G Site Status | H1: 3G Site Status | I1: 4G Site Status | J1: 5G Status | K1: Date of Dismantle | L1: Replacment site ID ( If Any)
A2: AUH2671 | B2: AUH | C2: AUH2671 | D2: AUH2671 | G2: Dismantled | H2: Dismantled | I2: Dismantled | K2: 44229 | L2: AUH3403
A3: AUH2033 | B3: AUH | C3: AUH2033 | D3: AUH2033 | E3: AUHL2033 | F3: AUHNR2033 | G3: On Air | H3: Locked | I3: Locked | J3: On-Air | K3: 44229
A4: DXB2618 | B4: DXB | C4: DXB2618 | D4: DXB2618 | E4: DXBL2618 | G4: Dismantled | H4: Dismantled | I4: Dismantled | K4: 44355 | L4: DXB1433
A5: DXT1188 | B5: DXB | C5: DXT6188 | D5: DXT6188 | E5: DXTL1188 | G5: Dismantled | H5: Dismantled | I5: Dismantled | K5: 44144 | L5: DXB1810
A6: DXT1374 | B6: DXB | C6: DXB2374 | D6: DXB2374 | E6: DXTL1374 | G6: Dismantled | H6: Dismantled | I6: Dismantled | K6: 43901 | L6: DXB1374
A7: DXT1197 | B7: DXB | C7: DXT6197 | D7: DXT6197 | E7: DXTL1197 | G7: On Air | H7: On Air | I7: On Air | K7: 44386 | L7: DXB3087
A8: DXT1394 | B8: DXB | C8: DXT6394 | D8: DXT6394 | E8: DXTL1394 | G8: On Air | H8: On Air | I8: On Air | K8: 44167 | L8: DXV6319/ DXB2389
A9: DXT6514 | B9: DXB | C9: - | D9: DXT6514 | E9: DXTL6514 | G9: - | H9: On Air | I9: On Air | K9: - | L9: -
A10: DXB3544 | B10: DXB | C10: - | D10: DXB3544 | E10: DXBL3544 | G10: - | H10: On Air | I10: On Air | J10: On-Air | K10: 44363 | L10: -
A11: DXV6354 | B11: DXB | C11: - | D11: DXV6354 | E11: DXVL6354 | G11: - | H11: On Air | I11: On Air | K11: 44383 | L11: -
A12: AUH2671 | B12: AUH | C12: AUH2671 | D12: AUH2671 | G12: Dismantled | H12: Dismantled | I12: Dismantled | K12: 44229 | L12: AUH3403
A13: AUH2033 | B13: AUH | C13: AUH2033 | D13: AUH2033 | E13: AUHL2033 | F13: AUHNR2033 | G13: Dismantled | H13: Dismantled | I13: Dismantled | K13: 44355 | L13: AUH6614
A14: AUV6234 | B14: AUH | E14: AUVL6234 | I14: Dismantled | K14: 44441 | L14: RDV
A15: DXB2718 | B15: DXB | C15: DXB2718 | D15: DXB2718 | E15: DXBL2718 | G15: On Air | H15: On Air | I15: On Air | J15: On-Air | K15: 44396 | L15: DXB3788
A16: DXT1478 | B16: DXB | C16: DXB2478 | D16: DXB2478 | E16: DXTL1478 | G16: On Air | H16: Dismantled | I16: Dismantled | K16: 44239 | L16: DXB2631
A17: DXT6341 | B17: DXB | C17: DXT6341 | D17: DXT6341 | E17: DXTL6341 | G17: On Air | H17: Dismantled | I17: Dismantled | K17: 44364 | L17: -
A18: DXV6319 | B18: DXB | C18: - | D18: DXV6319 | E18: DXVL6319 | G18: - | H18: Dismantled | I18: Dismantled | K18: 44497 | L18: DXB2389
A19: DXV6240 | B19: DXB | C19: - | D19: DXV6240 | E19: DXVL6240 | G19: - | H19: Dismantled | I19: Dismantled | K19: 44442 | L19: DXB1893
A20: AUG6165 | B20: WR | C20: AUG6165 | D20: AUG6165 | E20: AUGL6165 | G20: Dismantled | H20: Dismantled | I20: D | K20: 44479 | L20: AUH2762
A21: AUG6057 | B21: AUH | D21: AUG6057 | E21: AUGL6057 | F21: AUGNR6057 | H21: Dismantled | I21: Dismantled | K21: 44493 | L21: AUH3406
A22: AUH2631 | B22: AUH | C22: AUH2631 | D22: AUH2631 | E22: AUHL2631 | G22: Dismantled | H22: Dismantled | I22: Dismantled | K22: 44517 | L22: AUH6118
A23: AUG4444 | B23: AUH | C23: AUG4444 | D23: AUG4444 | E23: AUGL4444 | F23: AUGNR4444 | G23: Dismantled | H23: Dismantled | I23: Dismantled | K23: 44545 | L23: AUH6590
A24: AUV6232 | B24: WR | D24: AUV6232 | E24: AUVL6232 | H24: Dismantled | I24: Dismantled | K24: 44523 | L24: AUH6578
A25: AUH3711 | B25: AUH | D25: AUH3711 | E25: AUHL3711 | H25: Dismantled | I25: Dismantled | K25: 44589 | L25: AUG6229
A26: DXB1176 | B26: DXB | C26: DXB1176 | D26: DXB1176 | E26: DXBL1176 | G26: Dismantled | H26: Dismantled | I26: Dismantled | J26: On-Air | K26: 44348 | L26: DXB2070
A27: DXT1424 | B27: DXB | C27: DXB2424 | D27: DXB2424 | E27: DXTL1424 | G27: Dismantled | H27: Dismantled | I27: Dismantled | J27: On-Air | K27: 44468 | L27: DXB2649
A28: DXT3196 | B28: DXB | C28: DXB2196 | D28: DXB2196 | E28: DXTL3196 | G28: Dismantled | H28: Dismantled | I28: Dismantled | K28: 44506 | L28: DXB2655
A29: DXV6542 | B29: DXB | C29: - | D29: DXV6542 | E29: DXVL6542 | G29: - | H29: Dismantled | I29: Dismantled | K29: 44525 | L29: DXB2649
A30: DXT3119 | B30: DXB | C30: DXT6119 | D30: DXT6119 | E30: DXTL3119 | G30: On Air | H30: On Air | I30: On Air | K30: 44545 | L30: DXB3748
A31: AUV6230 | B31: AUH | D31: AUV6230 | E31: AUVL6230 | H31: On Air | I31: On-Air | K31: 44594 | L31: AUH3581
A32: DXB3233 | B32: DXB | C32: DXB2233 | D32: DXB2233 | E32: DXBL3233 | F32: DXBNR3233 | G32: Dismantled | H32: Dismantled | I32: Dismantled | J32: Dismantled | K32: 44589 | L32: DXB3786
A33: DXV6401 | B33: DXB | C33: - | D33: DXV6401 | E33: DXVL6401 | G33: - | H33: Dismantled | I33: Dismantled | K33: 44600 | L33: DXB2452
A34: AUH3103 | B34: AUH | H34: Dismantled | I34: Dismantled
A35: DXB2104 | B35: DXB | C35: DXB2104 | D35: DXB2104 | E35: DXBL2104 | G35: On Air | H35: On Air | I35: On Air | K35: 44561 | L35: DXB2073
A36: DXB2939 | B36: DXB | C36: DXB2939 | D36: DXB2939 | E36: DXBL2939 | G36: On Air | H36: On Air | I36: On Air | K36: 44594 | L36: DXB2269
A37: DXT1405 | B37: DXB | C37: DXT6405 | D37: DXT6405 | E37: DXTL1405 | G37: On Air | H37: On Air | I37: On Air | K37: 44410 | L37: DXB3629
A38: DXB3920 | B38: DXB | C38: - | D38: DXB3920 | E38: DXBL3920 | G38: - | H38: On Air | I38: On Air | K38: 44210 | L38: -
A39: DXV6524 | B39: DXB | C39: - | D39: DXV6524 | E39: DXVL6524 | F39: DXVNR6524 | G39: - | H39: On Air | I39: On Air | J39: On-Air | K39: 44628 | L39: -
A40: DXV6494 | B40: DXB | C40: - | D40: DXV6494 | E40: DXVL6494 | G40: - | H40: On Air | I40: On Air | K40: 44628 | L40: -
A41: DXV6495 | B41: DXB | C41: - | D41: DXV6495 | E41: DXVL6495 | G41: - | H41: On Air | I41: On Air | K41: 44628 | L41: -
A42: AUH3756 | B42: AUH | D42: AUH3756 | E42: AUHL3756 | H42: Dismantled | I42: Dismantled | K42: 44671 | L42: AUH6117
A43: AUH3554 | B43: AUH | D43: AUH3554 | E43: AUHL4554 | H43: Locked | I43: Locked [Dismantled] | K43: 44602 | L43: AUH3125
A44: AUV6233 | B44: AUH | D44: AUV6233 | E44: AUVL6233 | H44: Dismantled | I44: Dismantled
A45: DXV6530 | B45: DXB | C45: - | D45: DXV6530 | E45: DXVL6530 | F45: Dismantled | H45: - | I45: On Air | J45: On Air | K45: 44659 | L45: DXB2923
A46: AUG4428 | B46: AUH | C46: AUG4428 | D46: AUG4428 | E46: AUGL4428 | F46: AUGNR4428 | G46: Dismantled | H46: Dismantled | I46: Dismantled | J46: Dismantled | K46: 44698 | L46: AUH3106
A47: AUG4362 | B47: AUH | C47: AUG4362 | D47: AUG4362 | E47: AUGL4362 | G47: Dismantled | H47: Dismantled | I47: Dismantled | K47: 44711
A48: AUV6241 | B48: AUH | C48: - | D48: AUV6241 | E48: AUVL6241 | H48: Dismantled | I48: Dismantled | K48: 44686
A49: AUV6242 | B49: AUH | C49: - | D49: AUV6242 | E49: AUVL6242 | H49: Dismantled | I49: Dismantled | K49: 44686
A50: DXB2913 | B50: DXB | C50: DXB2913 | D50: DXB2913 | E50: DXBL2913 | G50: On Air | H50: On Air | I50: - | K50: 44693 | L50: DXB1631
A51: DXT2332 | B51: DXB | C51: DXT6332 | D51: DXT6332 | E51: DXTL2332 | G51: On Air | H51: On Air | I51: On Air | K51: 44690 | L51: DXB1238
A52: DXV6312 | B52: DXB | C52: - | D52: DXV6312 | E52: DXVL6312 | G52: - | H52: On Air | I52: On Air | K52: 44708 | L52: DXB3699
A53: DXV6287 | B53: DXB | C53: - | D53: DXV6287 | E53: DXVL6287 | G53: - | H53: On Air | I53: On Air | K53: 44711 | L53: DXB2131
A54: AUG4416 | B54: AUH | C54: AUG4416 | D54: AUG4416 | E54: AUGL4416 | F54: AUGNR4416 | G54: Dismantled | H54: Dismantled | I54: Dismantled | J54: Dismantled | K54: 44728 | L54: AUH6120
A55: DXT6257 | B55: DXB | C55: DXT6257 | D55: DXT6257 | E55: DXTL6257 | G55: On Air | H55: On Air | I55: On Air | J55: Dismantled | K55: 44715 | L55: DXB3780
A56: DXB1164 | B56: DXB | D56: DXB1164 | E56: DXBL1164 | G56: - | H56: On Air | I56: On Air | J56: Dismantled | K56: 44737 | L56: DXB3720
A57: DXV6324 | B57: DXB | D57: DXV6324 | E57: DXVL6324 | G57: - | H57: On Air | I57: On Air | J57: Dismantled | K57: 44720 | L57: DXB3174
A58: DXV6369 | B58: DXB | D58: DXV6369 | E58: DXVL6369 | G58: - | H58: On Air | I58: On Air | J58: Dismantled | K58: 44726 | L58: DXB3063
A59: DXB1227 | B59: DXB | D59: DXB1227 | E59: DXBL1227 | F59: DXBNR1227 | G59: - | H59: Dismantled. To be relocated. | I59: Dismantled. To be relocated. | J59: Dismantled. To be relocated. | K59: 44054 | L59: -
A60: DXT1901 | B60: DXB | C60: DXB2901 | D60: DXB2901 | E60: DXTL1901 | G60: On Air | H60: Locked. To be Dismantled | I60: Locked. To be Dismantled | K60: 44749 | L60: DXB3730
A61: AUG4319 | B61: AUH | C61: AUG4319 | D61: AUG4319 | E61: AUGL4319 | G61: On Air | H61: Locked [Dismantled] | I61: Locked [Dismantled] | K61: 40447
A62: AUG4340 | B62: AUH | C62: AUG4340 | D62: AUG4340 | E62: AUGL4340 | F62: AUGNR4340 | G62: On Air | H62: Locked [Dismantled] | I62: Locked [Dismantled] | J62: On-Air | K62: 41241
A63: AUG6001 | B63: AUH | C63: AUG6001 | D63: AUG6001 | E63: AUGL6001 | F63: AUGNR6001 | G63: On Air | H63: Locked [Dismantled] | I63: Locked [Dismantled] | J63: On-Air | K63: 41682
A64: AUC4421 | B64: WR | C64: AUC4421 | E64: AUCL5421 | G64: On Air | H64: Locked [Dismantled] | I64: Locked [Dismantled] | K64: 41484
A65: AUG6220 | B65: AUH | C65: AUG6220 | D65: AUG6220 | E65: AUGL6220 | G65: Locked | H65: Locked | I65: Locked | K65: 44767 | L65: AUH2246
A66: AUH3548 | B66: AUH | D66: AUH3548 | E66: AUHL3548 | H66: Locked | I66: Locked | K66: 44729
A67: AUH2991 | B67: WR | C67: AUH2991 | D67: AUH2991 | G67: Locked | H67: Locked | I67: Locked | K67: 44525
A68: AUH3592 | B68: WR | D68: AUH3592 | E68: AUHL4592 | F68: AUHNR4592 | H68: Locked | I68: Locked | J68: On-Air | K68: 44775 | L68: AUH6402
A69: DXT1283 | B69: DXB | C69: DXT6283 | D69: DXT6283 | E69: DXTL1283 | G69: On Air | H69: On Air | I69: On Air | K69: 44802 | L69: DXB3562
A70: DXT1454 | B70: DXB | C70: DXB2454 | D70: DXB2454 | E70: DXTL1454 | G70: On Air | H70: On Air | I70: On Air | K70: 44783 | L70: DXB3784
A71: DXB3469 | B71: DXB | D71: DXB3469 | E71: DXBL3469 | G71: - | H71: On Air | I71: On Air | K71: 44765 | L71: DXB2744
A72: AUG6101 | B72: AUH | D72: AUG6101 | E72: AUGL6101 | F72: AUGNR6101 | K72: 44818 | L72: AUH2098
A73: AAN2389 | B73: AAN | C73: AAN2389 | D73: AAN2389 | E73: AANL3389 | F73: AANNR3389 | G73: Locked | H73: Locked | I73: Locked | J73: Locked | L73: AAN3605
A74: DXB2726 | B74: DXB | C74: DXB2726 | D74: DXB2726 | E74: DXBL2726 | G74: Locked. To be Dismantled | H74: Locked. To be Dismantled | I74: Locked. To be Dismantled | K74: 44814 | L74: DXB3501 (Planned)
A75: DXB2815 | B75: DXB | C75: DXB2815 | D75: DXB2815 | E75: DXBL2815 | F75: DXBNR2815 | G75: Dismantled | H75: Dismantled | I75: Dismantled | J75: On-Air | K75: 44826 | L75: DXB3306
A76: DXT1241 | B76: DXB | C76: DXT6241 | D76: DXT6241 | E76: DXTL1241 | G76: Dismantled | H76: Dismantled | I76: Dismantled | K76: 44805 | L76: DXB2966
A77: DXT1488 | B77: DXB | C77: DXB2488 | D77: DXB2488 | E77: DXTL1488 | G77: Locked. To be Dismantled | H77: Locked. To be Dismantled | I77: Locked. To be Dismantled | K77: 44813 | L77: DXB2930
A78: DXT1489 | B78: DXB | C78: DXB2489 | D78: DXB2489 | E78: DXTL1489 | G78: Dismantled | H78: Dismantled | I78: Dismantled | K78: 44806 | L78: DXB3765
A79: DXT1804 | B79: DXB | C79: DXB2804 | D79: DXB2804 | E79: DXTL1804 | G79: Dismantled | H79: Dismantled | I79: Dismantled | K79: 44806 | L79: DXB2467
A80: DXT2333 | B80: DXB | C80: DXT6333 | D80: DXT6333 | E80: DXTL2333 | G80: Dismantled | H80: Dismantled | I80: Dismantled | K80: 44807 | L80: DXB1789
A81: DXV6541 | B81: DXB | D81: DXV6541 | E81: DXVL6541 | G81: - | H81: Dismantled | I81: Dismantled | K81: 44777 | L81: DXB1251
A82: DXV6477 | B82: DXB | D82: DXV6477 | E82: DXVL6477 | G82: - | H82: Dismantled | I82: Dismantled | K82: 44808 | L82: DXB3126
A83: DXV6506 | B83: DXB | D83: DXV6506 | E83: DXVL6506 | G83: - | H83: Dismantled | I83: Dismantled | K83: 44817 | L83: -
A84: AUG4218 | B84: AUH | C84: AUG4218 | D84: AUG4218 | E84: AUGL4218 | F84: AUGNR4218 | G84: Locked | H84: Locked | I84: Locked | J84: Locked | K84: 44841 | L84: AUH3313
A85: AUG4330 | B85: AUH | C85: AUG4330 | D85: AUG4330 | E85: AUGL4330 | F85: AUGNR4330 | G85: Locked | H85: Locked | I85: Locked | J85: Locked | K85: 44833 | L85: AUH2738
A86: AUG4337 | B86: AUH | C86: AUG4337 | D86: AUG4337 | E86: AUGL4337 | G86: Locked | H86: Locked | I86: Locked | K86: 44833 | L86: AUH3685
A87: AUH2715 | B87: AUH | C87: AUH2715 | D87: AUH2715 | E87: AUHL2715 | G87: Locked | H87: Locked | I87: Locked | K87: 44832
A88: AUG4413 | B88: WR | C88: AUG4413 | D88: AUG4413 | E88: AUGL4413 | G88: Locked | H88: Locked | I88: Locked | K88: 44837 | L88: AUH2897
A89: AUG6039 | B89: WR | C89: AUG6039 | D89: AUG6039 | E89: AUGL6039 | G89: Locked | H89: Locked | I89: Locked | K89: 44845 | L89: AUH6061
A90: AAN2917 | B90: AAN | C90: AAN2917 | D90: AAN2917 | E90: AANL2917 | F90: AANNR2917 | H90: Locked | I90: Locked | J90: Locked | L90: AAG6096
A91: AAG6094 | B91: AAN | D91: AAG6094 | E91: AAGL6094 | F91: AAGNR6094 | H91: Locked | I91: Locked | J91: Locked | L91: AAN2253
A92: DXB1926 | B92: DXB | D92: DXB1926 | E92: DXBL1926 | F92: DXBNR1926 | G92: - | H92: Dismantled | I92: Dismantled | J92: Dismantled | K92: 44845 | L92: DXB3489
A93: DXV6491 | B93: DXB | D93: DXV6491 | E93: DXVL6491 | G93: - | H93: Dismantled | I93: Dismantled | K93: 44829 | L93: DXB3501
A94: DXV6351 | B94: DXB | D94: DXV6351 | E94: DXVL6351 | G94: - | H94: Dismantled | I94: Dismantled | K94: 44837 | L94: -
A95: AUG4203 | B95: AUH | C95: AUG4203 | D95: AUG4203 | E95: AUGL4203 | F95: AUGNR4203 | G95: Locked | H95: Locked | I95: Locked | J95: Locked | K95: 44874 | L95: AUH2342
A96: AUG4247 | B96: AUH | C96: AUG4247 | D96: AUG4247 | E96: AUGL4247 | G96: Locked | H96: Locked | I96: Locked | K96: 44867 | L96: AUH3239
A97: AUG6029 | B97: WR | C97: AUG6029 | D97: AUG6029 | E97: AUGL6029 | G97: Locked | H97: Locked | I97: Locked | K97: 44865 | L97: AUH6043
A98: AUH6300 | B98: WR | D98: AUH6300 | E98: AUHL6300 | H98: Locked | I98: Locked | K98: 44865 | L98: AUH6149
A99: AAV6099 | B99: AAN | D99: AAV6099 | E99: AAV6099 | F99: AAVNR6099 | H99: Dismantled | I99: Dismantled | J99: Dismantled
A100: DXT2738 | B100: DXB | C100: DXB2738 | D100: DXB2738 | E100: DXTL2738 | G100: On Air | H100: Dismantled | I100: Dismantled | K100: 44876 | L100: DXB3413
...
