Workbook

Sheet summary
D3: Category | E3: Qty | F3: Estimated OSP Budget Requirements
D4: AUH Y2024 Fiber scope | E4: 622 | F4: 23.75M AED
D5: MW | E5: 1076
D6: other region | E6: 4
D7: Total | E7: =SUM(E4:E6) -> 1702

Sheet consdolidated (2)
L1: Total Required Budget | M1: =SUM(M3:M1906) -> 23933101
A3: IBS Ref. Code | B3: Sitecode | C3: Area | D3: Lat | E3: Long | F3: Site Type | G3: Scope | H3: Status | I3: Timeline | J3: EPOC | K3: Cost | L3: Depandancy | M3: Cost of Confirmed Fibe Sites | N3: Transport Feedback | P3: MW/CSG Plan statuw
B4: AAG6105 | C4: AUH | D4: 24.301 | E4: 55.12645 | F4: Existing | G4: OD | H4: Possible | I4: #N/A | J4: 0 | K4: 1168587 | N4: stay in MW
B5: AAN2200 | C5: AUH | D5: 23.630973 | E5: 55.561021 | F5: Existing | G5: OD | H5: Possible | I5: #N/A | J5: 0 | K5: 465948.03 | L5: Depend to Connect AAN2269 | N5: stay in MW
B6: AAN2263 | C6: AUH | D6: 24.10437 | E6: 55.7408 | F6: Existing | G6: OD | H6: Possible | I6: #N/A | J6: 0 | K6: 412056.04 | N6: stay in MW
B7: AAN2268 | C7: AUH | D7: 23.7534 | E7: 55.52595 | F7: Existing | G7: OD | H7: Possible | I7: #N/A | J7: 0 | K7: 1041620.8 | L7: Depend to Connect AAN3258 | N7: stay in MW
B8: AAN2269 | C8: AUH | D8: 23.63854 | E8: 55.56595 | F8: Existing | G8: OD | H8: Possible | I8: #N/A | J8: 0 | K8: 1227183.1 | L8: Depend to Connect AAN2421 | N8: stay in MW
B9: AAN2270 | C9: AUH | D9: 23.5403 | E9: 55.4962 | F9: Existing | G9: OD | H9: Possible | I9: #N/A | J9: 0 | K9: 1123293.8 | L9: Depend to Connect AAN2423 | N9: stay in MW
B10: AAN2271 | C10: AUH | D10: 23.39905 | E10: 55.42307 | F10: Existing | G10: OD | H10: Possible | I10: #N/A | J10: 0 | K10: 381278.82 | L10: Depend to Connect AAN2424 | N10: stay in MW
B11: AAN2272 | C11: AUH | D11: 23.3157 | E11: 55.35715 | F11: Existing | G11: OD | H11: Possible | I11: #N/A | J11: 0 | K11: 1410819.3 | L11: Depend to Connect AAN2425 | N11: stay in MW
B12: AAN2273 | C12: AUH | D12: 23.47247 | E12: 55.29668 | F12: Existing | G12: OD | H12: Possible | I12: #N/A | J12: 0 | K12: 1490477.4 | L12: Depend to Connect AAN2383 | N12: stay in MW
B13: AAN2312 | C13: AUH | D13: 24.1454 | E13: 55.5525 | F13: Existing | G13: OD | H13: Possible | I13: #N/A | J13: 0 | K13: 232515.62 | L13: Depend to Connect AAN3276 | N13: stay in MW
B14: AAN2314 | C14: AUH | D14: 24.17765 | E14: 55.46786 | F14: Existing | G14: OD | H14: Possible | I14: #N/A | J14: 0 | K14: 581935.88 | N14: stay in MW
B15: AAN2326 | C15: AUH | D15: 24.12057 | E15: 55.40578 | F15: Existing | G15: OD | H15: Possible | I15: #N/A | J15: 0 | K15: 710997.5 | L15: Depend to Connect AAN2588 | N15: stay in MW
B16: AAN2383 | C16: AUH | D16: 23.4285 | E16: 55.41047 | F16: Existing | G16: OD | H16: Possible | I16: #N/A | J16: 0 | K16: 1027449.9 | L16: Depend to Connect AAN3287 | N16: stay in MW
B17: AAN2393 | C17: AUH | D17: 24.09338 | E17: 55.10098 | F17: Existing | G17: OD | H17: Possible | I17: #N/A | J17: 0 | K17: 756039.55 | N17: stay in MW
B18: AAN2394 | C18: AUH | D18: 24.03036 | E18: 55.10789 | F18: Existing | G18: OD | H18: Possible | I18: #N/A | J18: 0 | K18: 1077294.8 | L18: Depend to Connect AAN2393 | N18: stay in MW
B19: AAN2396 | C19: AUH | D19: 23.98252 | E19: 55.18256 | F19: Existing | G19: OD | H19: Possible | I19: #N/A | J19: 0 | K19: 490163.46 | L19: Depend to Connect AAN3323 | N19: stay in MW
B20: AAN2398 | C20: AUH | D20: 24.00613 | E20: 55.40816 | F20: Existing | G20: OD | H20: Site survey required | I20: #N/A | J20: 0 | N20: stay in MW
B21: AAN2408 | C21: AUH | D21: 23.88059 | E21: 55.40385 | F21: Existing | G21: OD | H21: Possible | I21: #N/A | J21: 0 | K21: 974941.48 | N21: stay in MW
B22: AAN2421 | C22: AUH | D22: 23.70635 | E22: 55.56817 | F22: Existing | G22: OD | H22: Possible | I22: #N/A | J22: 0 | K22: 1377790.5 | L22: Depend to Connect AAN2268 | N22: stay in MW
B23: AAN2422 | C23: AUH | D23: 23.642853 | E23: 55.533472 | F23: Existing | G23: OD | H23: Possible | I23: #N/A | J23: 0 | K23: 328536.26 | L23: Depend to Connect AAN3396 | N23: stay in MW
B24: AAN2423 | C24: AUH | D24: 23.58869 | E24: 55.5346 | F24: Existing | G24: OD | H24: Possible | I24: #N/A | J24: 0 | K24: 854510.37 | L24: Depend to Connect AAN2200 | N24: stay in MW
B25: AAN2424 | C25: AUH | D25: 23.418382 | E25: 55.422881 | F25: Existing | G25: OD | H25: Possible | I25: #N/A | J25: 0 | K25: 411812.24 | L25: Depend to Connect AAN2424 | N25: stay in MW
B26: AAN2425 | C26: AUH | D26: 23.39908 | E26: 55.40094 | F26: Existing | G26: OD | H26: Possible | I26: #N/A | J26: 0 | K26: 381654.18 | L26: Depend to Connect AAN3231 | N26: stay in MW
B27: AAN2426 | C27: AUH | D27: 23.48755 | E27: 55.45717 | F27: Existing | G27: OD | H27: Possible | I27: #N/A | J27: 0 | K27: 1136245.7 | L27: Depend to Connect AAN2270 | N27: stay in MW
B28: AAN2427 | C28: AUH | D28: 23.63231 | E28: 55.55429 | F28: Existing | G28: OD | H28: Possible | I28: #N/A | J28: 0 | K28: 208440.37 | L28: Depend to Connect AAN2200 | N28: stay in MW
B29: AAN2429 | C29: AUH | D29: 24.03254 | E29: 55.65231 | F29: Existing | G29: OD | H29: Possible | I29: #N/A | J29: 0 | K29: 632676.75 | L29: Depend to Connect AAN3113 | N29: stay in MW
B30: AAN2436 | C30: AUH | D30: 24.21267 | E30: 55.95383 | F30: Existing | G30: OD | H30: Possible | I30: #N/A | J30: 0 | K30: 611344.25 | N30: stay in MW
B31: AAN2472 | C31: AUH | D31: 24.13992 | E31: 55.47881 | F31: Existing | G31: OD | H31: Possible | I31: #N/A | J31: 0 | K31: 808895.4 | L31: Depend to Connect AAN3280 | N31: stay in MW
B32: AAN2486 | C32: AUH | D32: 24.43684 | E32: 55.19456 | F32: Existing | G32: OD | H32: Possible | I32: #N/A | J32: 0 | K32: 999138.63 | N32: stay in MW
B33: AAN2490 | C33: AUH | D33: 24.5756 | E33: 55.34289 | F33: Existing | G33: OD | H33: Possible | I33: #N/A | J33: 0 | K33: 1418931.8 | N33: stay in MW
B34: AAN2504 | C34: AUH | D34: 23.58395 | E34: 55.45076 | F34: Existing | G34: OD | H34: Possible | I34: #N/A | J34: 0 | K34: 1101991.8 | L34: Depend to Connect AAN2270 | N34: stay in MW
B35: AAN2511 | C35: AUH | D35: 23.986718 | E35: 55.257541 | F35: Existing | G35: OD | H35: Possible | I35: #N/A | J35: 0 | K35: 1585477.6 | L35: Depend to Connect AAN3318 | N35: stay in MW
B36: AAN2513 | C36: AUH | D36: 24.59606 | E36: 55.39521 | F36: Existing | G36: OD | H36: Not possible | I36: #N/A | J36: 0 | K36: 0 | N36: stay in MW
B37: AAN2530 | C37: AUH | D37: 24.08954 | E37: 55.98216 | F37: Existing | G37: OD | H37: Possible | I37: #N/A | J37: 0 | K37: 696735.2 | N37: stay in MW
B38: AAN2849 | C38: AUH | D38: 23.41377 | E38: 55.40641 | F38: Existing | G38: OD | H38: Possible | I38: #N/A | J38: 0 | K38: 265715.09 | L38: Depend to Connect AAN2383 | N38: stay in MW
B39: AAN2871 | C39: AUH | D39: 24.17726 | E39: 55.73803 | F39: Existing | G39: OD | H39: Possible | I39: #N/A | J39: 0 | K39: 316791.19 | N39: stay in MW
B40: AAN2873 | C40: AUH | D40: 24.608564 | E40: 55.461224 | F40: Existing | G40: OD | H40: Possible | I40: #N/A | J40: 0 | K40: 732147.15 | L40: Depend to Connect AAN3134 | N40: stay in MW
B41: AAN2896 | C41: AUH | D41: 23.397574 | E41: 55.411981 | F41: Existing | G41: OD | H41: Possible | I41: #N/A | J41: 0 | K41: 205831.71 | L41: Depend to Connect AAN2425 | N41: stay in MW
B42: AAN2912 | C42: AUH | D42: 23.642293 | E42: 55.554042 | F42: Existing | G42: OD | H42: Possible | I42: #N/A | J42: 0 | K42: 399622.24 | L42: Depend to Connect AAN3230 | N42: stay in MW
B43: AAN2914 | C43: AUH | D43: 24.08191 | E43: 56.0133 | F43: Existing | G43: OD | H43: Possible | I43: #N/A | J43: 0 | K43: 612807.05 | L43: Depend to Connect AAN2530 | N43: stay in MW
B44: AAN2944 | C44: AUH | D44: 24.54658 | E44: 55.20779 | F44: Existing | G44: OD | H44: Possible | I44: #N/A | J44: 0 | K44: 958765.93 | N44: stay in MW
B45: AAN3109 | C45: AUH | D45: 24.10733 | E45: 55.74804 | F45: Existing | G45: OD | H45: Possible | I45: #N/A | J45: 0 | K45: 219429.66 | L45: Depend to Connect AAN2263 | N45: stay in MW
B46: AAN3113 | C46: AUH | D46: 24.04721 | E46: 55.691993 | F46: Existing | G46: OD | H46: Possible | I46: #N/A | J46: 0 | K46: 662054.65 | N46: stay in MW
B47: AAN3115 | C47: AUH | D47: 23.64923 | E47: 55.48034 | F47: Existing | G47: OD | H47: Possible | I47: #N/A | J47: 0 | K47: 780340.32 | L47: Depend to Connect AAN2422 | N47: stay in MW
B48: AAN3116 | C48: AUH | D48: 23.503139 | E48: 55.414306 | F48: Existing | G48: OD | H48: Possible | I48: #N/A | J48: 0 | K48: 894213.2 | L48: Depend to Connect AAN2426 | N48: stay in MW
B49: AAN3134 | C49: AUH | D49: 24.594639 | E49: 55.409865 | F49: Existing | G49: OD | H49: Possible | I49: #N/A | J49: 0 | K49: 1143328 | L49: Depend to Connect AAN2490 | N49: stay in MW
B50: AAN3154 | C50: AUH | D50: 23.41239 | E50: 55.42345 | F50: Existing | G50: OD | H50: Possible | I50: #N/A | J50: 0 | K50: 184688.16 | L50: Depend to Connect AAN2424 | N50: stay in MW
B51: AAN3213 | C51: AUH | D51: 24.15428 | E51: 55.64398 | F51: Existing | G51: OD | H51: Possible | I51: #N/A | J51: 0 | K51: 172034.45 | N51: stay in MW
B52: AAN3223 | C52: AUH | D52: 24.119474 | E52: 55.968143 | F52: Existing | G52: OD | H52: Possible | I52: #N/A | J52: 0 | K52: 446797.54 | L52: Depend to Connect AAN2530 | N52: stay in MW
B53: AAN3230 | C53: AUH | D53: 23.63533 | E53: 55.548945 | F53: Existing | G53: OD | H53: Possible | I53: #N/A | J53: 0 | K53: 210658.95 | L53: Depend to Connect AAN2427 | N53: stay in MW
B54: AAN3231 | C54: AUH | D54: 23.415986 | E54: 55.415062 | F54: Existing | G54: OD | H54: Possible | I54: #N/A | J54: 0 | K54: 334765.34 | L54: Depend to Connect AAN2849 | N54: stay in MW
B55: AAN3257 | C55: AUH | D55: 24.414216 | E55: 55.097041 | F55: Existing | G55: OD | H55: Possible | I55: #N/A | J55: 0 | K55: 1247278.3 | N55: stay in MW
B56: AAN3276 | C56: AUH | D56: 24.142085 | E56: 55.542659 | F56: Existing | G56: OD | H56: Possible | I56: #N/A | J56: 0 | K56: 882015.84 | N56: stay in MW
B57: AAN3279 | C57: AUH | D57: 24.098082 | E57: 55.365053 | F57: Existing | G57: OD | H57: Possible | I57: #N/A | J57: 0 | K57: 789623 | L57: Depend to Connect AAN2326 | N57: stay in MW
B58: AAN3280 | C58: AUH | D58: 24.141568 | E58: 55.419811 | F58: Existing | G58: OD | H58: Possible | I58: #N/A | J58: 0 | K58: 425050.58 | L58: Depend to Connect AAN2326 | N58: stay in MW
B59: AAN3283 | C59: AUH | D59: 24.62717 | E59: 55.401996 | F59: Existing | G59: OD | H59: Possible | I59: #N/A | J59: 0 | K59: 1278106.8 | N59: stay in MW
B60: AAN3284 | C60: AUH | D60: 23.818215 | E60: 55.460893 | F60: Existing | G60: OD | H60: Possible | I60: #N/A | J60: 0 | K60: 799454.24 | L60: Depend to Connect AAN3258 | N60: stay in MW
B61: AAN3286 | C61: AUH | D61: 23.969915 | E61: 55.51808 | F61: Existing | G61: OD | H61: Possible | I61: #N/A | J61: 0 | K61: 722212.3 | N61: stay in MW
B62: AAN3287 | C62: AUH | D62: 23.457613 | E62: 55.441367 | F62: Existing | G62: OD | H62: Possible | I62: #N/A | J62: 0 | K62: 564626.08 | L62: Depend to Connect AAN2426 | N62: stay in MW
B63: AAN3289 | C63: AUH | D63: 24.525449 | E63: 55.148096 | F63: Existing | G63: OD | H63: Possible | I63: #N/A | J63: 0 | K63: 1341159.6 | L63: Depend to Connect AAN2944 | N63: stay in MW
B64: AAN3297 | C64: AUH | D64: 24.405904 | E64: 55.199242 | F64: Existing | G64: OD | H64: Possible | I64: #N/A | J64: 0 | K64: 598727.6 | L64: Depend to Connect AAN2486 | N64: stay in MW
B65: AAN3298 | C65: AUH | D65: 24.401862 | E65: 55.185206 | F65: Existing | G65: OD | H65: Possible | I65: #N/A | J65: 0 | K65: 206593.59 | L65: Depend to Connect AAN3297 | N65: stay in MW
B66: AAN3318 | C66: AUH | D66: 23.997048 | E66: 55.373753 | F66: Existing | G66: OD | H66: Possible | I66: #N/A | J66: 0 | K66: 1170037.3 | L66: Depend to Connect AAN2398 | N66: stay in MW
B67: AAN3323 | C67: AUH | D67: 23.990772 | E67: 55.213209 | F67: Existing | G67: OD | H67: Not Possible | I67: #N/A | J67: 0 | K67: 0 | N67: stay in MW
B68: AAN3326 | C68: AUH | D68: 24.410132 | E68: 55.733187 | F68: Existing | G68: OD | H68: Possible | I68: #N/A | J68: 0 | K68: 552070.38 | N68: stay in MW
B69: AAN3330 | C69: AUH | D69: 24.0928 | E69: 55.54819 | F69: Existing | G69: OD | H69: Not Possible | I69: #N/A | J69: 0 | K69: 0 | N69: stay in MW
B70: AAN3339 | C70: AUH | D70: 23.905092 | E70: 55.410962 | F70: Existing | G70: OD | H70: Possible | I70: #N/A | J70: 0 | K70: 356682.96 | L70: Depend to Connect AAN2408 | N70: stay in MW
B71: AAN3340 | C71: AUH | D71: 24.560842 | E71: 55.345215 | F71: Existing | G71: OD | H71: Possible | I71: #N/A | J71: 0 | K71: 1272325.2 | L71: Depend to Connect AAN2490 | N71: stay in MW
B72: AAN3346 | C72: AUH | D72: 24.212075 | E72: 55.763341 | F72: Existing | G72: OD | H72: Possible | I72: #N/A | J72: 0 | K72: 346486.03 | N72: stay in MW
B73: AAN3351 | C73: AUH | D73: 24.361455 | E73: 55.699736 | F73: Existing | G73: OD | H73: Possible | I73: #N/A | J73: 0 | K73: 592784.98 | N73: stay in MW
B74: AAN3357 | C74: AUH | D74: 24.445955 | E74: 55.45705 | F74: Existing | G74: OD | H74: Site survey required | I74: #N/A | J74: 0 | K74: 1441423.8 | L74: tentative cost | N74: stay in MW
B75: AAN3366 | C75: AUH | D75: 24.337761 | E75: 55.657836 | F75: Existing | G75: OD | H75: Possible | I75: #N/A | J75: 0 | K75: 918105.6 | N75: stay in MW
B76: AAN3372 | C76: AUH | D76: 24.334646 | E76: 55.322707 | F76: Existing | G76: OD | H76: Possible | I76: #N/A | J76: 0 | K76: 1100598.5 | N76: stay in MW
B77: AAN3396 | C77: AUH | D77: 23.629861 | E77: 55.537841 | F77: Existing | G77: OD | H77: Possible | I77: #N/A | J77: 0 | K77: 298609.8 | L77: Depend to Connect AAN3230 | N77: stay in MW
B78: AAN3419 | C78: AUH | D78: 24.106169 | E78: 55.984001 | F78: Existing | G78: OD | H78: Possible | I78: #N/A | J78: 0 | K78: 364935.59 | L78: Depend to Connect AAN2914 | N78: stay in MW
B79: AAN3420 | C79: AUH | D79: 24.12168 | E79: 55.60323 | F79: Existing | G79: OD | H79: Possible | I79: #N/A | J79: 0 | K79: 640852.68 | N79: stay in MW
B80: AAN3422 | C80: AUH | D80: 24.13647 | E80: 55.1617 | F80: Existing | G80: OD | H80: Possible | I80: #N/A | J80: 0 | K80: 544732 | N80: stay in MW
B81: AAN3438 | C81: AUH | D81: 24.102703 | E81: 55.052323 | F81: Existing | G81: OD | H81: Possible | I81: #N/A | J81: 0 | K81: 619091 | L81: Depend to Connect AAN2393 | N81: stay in MW
B82: AAN3498 | C82: AUH | D82: 24.39172 | E82: 55.51459 | F82: Existing | G82: OD | H82: Possible | I82: #N/A | J82: 0 | K82: 2067656.1 | N82: stay in MW
B83: AAN3520 | C83: AUH | D83: 24.066246 | E83: 55.5048 | F83: Existing | G83: OD | H83: Possible | I83: #N/A | J83: 0 | K83: 719329.37 | N83: stay in MW
B84: AAN3531 | C84: AUH | D84: 23.96138 | E84: 55.03288 | F84: Existing | G84: OD | H84: Possible | I84: #N/A | J84: 0 | K84: 1893070.4 | L84: Depend to Connect AAN2394,AAN2393 | N84: stay in MW
B85: AAN3534 | C85: AUH | D85: 24.670781 | E85: 55.831476 | F85: Existing | G85: OD | H85: Possible | I85: #N/A | J85: 0 | K85: 1206097.1 | N85: stay in MW
B86: AAN3535 | C86: AUH | D86: 24.064362 | E86: 55.175495 | F86: Existing | G86: OD | H86: Possible | I86: #N/A | J86: 0 | K86: 1280666.7 | L86: Depend to Connect AAN2394 | N86: stay in MW
B87: AAN3537 | C87: AUH | D87: 24.480148 | E87: 55.230475 | F87: Existing | G87: OD | H87: Possible | I87: #N/A | J87: 0 | K87: 514799.45 | N87: stay in MW
B88: AAN3542 | C88: AUH | D88: 24.227683 | E88: 55.299804 | F88: Existing | G88: OD | H88: Possible | I88: #N/A | J88: 0 | K88: 664472 | N88: stay in MW
B89: AAN3552 | C89: AUH | D89: 24.716805 | E89: 55.654359 | F89: Existing | G89: OD | H89: Possible | I89: #N/A | J89: 0 | K89: 620255.15 | N89: stay in MW
B90: AAN3554 | C90: AUH | D90: 24.337685 | E90: 55.713951 | F90: Existing | G90: OD | H90: Possible | I90: #N/A | J90: 0 | K90: 589188.93 | N90: stay in MW
B91: AAN3555 | C91: AUH | D91: 24.745665 | E91: 55.761313 | F91: Existing | G91: OD | H91: Site survey required | I91: #N/A | J91: 0 | K91: 622711.43 | N91: stay in MW
B92: AAN3559 | C92: AUH | D92: 24.524109 | E92: 55.327042 | F92: Existing | G92: OD | H92: Possible | I92: #N/A | J92: 0 | K92: 667204.93 | N92: stay in MW
B93: AAN3562 | C93: AUH | D93: 24.38509 | E93: 55.0809 | F93: Existing | G93: OD | H93: Possible | I93: #N/A | J93: 0 | K93: 1463336.8 | N93: stay in MW
B94: AAN3566 | C94: AUH | D94: 24.6346 | E94: 55.61483 | F94: Existing | G94: OD | H94: Possible | I94: #N/A | J94: 0 | K94: 687470.8 | L94: Depend to Connect AAN3566 | N94: stay in MW
B95: AAN3567 | C95: AUH | D95: 24.641321 | E95: 55.664332 | F95: Existing | G95: OD | H95: Possible | I95: #N/A | J95: 0 | K95: 563004.81 | N95: stay in MW
B96: AAN3568 | C96: AUH | D96: 24.285335 | E96: 55.40984 | F96: Existing | G96: OD | H96: Possible | I96: #N/A | J96: 0 | K96: 375683.61 | N96: stay in MW
B97: AAN3570 | C97: AUH | D97: 24.410776 | E97: 55.127771 | F97: Existing | G97: OD | H97: Possible | I97: #N/A | J97: 0 | K97: 542525.61 | L97: Depend to Connect AAN3257 | N97: stay in MW
B98: AAN3573 | C98: AUH | D98: 24.622802 | E98: 55.737799 | F98: Existing | G98: OD | H98: Possible | I98: #N/A | J98: 0 | K98: 434684.19 | N98: stay in MW
B99: AAN3582 | C99: AUH | D99: 24.2251 | E99: 55.7293 | F99: Existing | G99: OD | H99: Possible | I99: #N/A | J99: 0 | K99: 195232.05 | N99: stay in MW
B100: AAN3586 | C100: AUH | D100: 24.7727 | E100: 55.7802 | F100: Existing | G100: OD | H100: Possible | I100: #N/A | J100: 0 | K100: 646216.28 | L100: Depend to Connect AAN3555 | N100: stay in MW
B101: AAN3608 | C101: AUH | D101: 24.034191 | E101: 55.869431 | F101: Existing | G101: OD | H101: Possible | I101: #N/A | J101: 0 | K101: 341131.05 | N101: stay in MW
...

Sheet Sheet2
A1: Site Code | B1: Latitude | C1: Longitude | D1: Region | E1: Site Type | F1: OSP Scope status | G1: OSP Status | H1: Cost | I1: Timeline | J1: Remarks | K1: Transport Feedback
A2: AAG6105 | B2: 24.301 | C2: 55.12645 | D2: AAN | E2: OD | F2: Not 2024 scope | K2: to be via MW
A3: AAN3376 | B3: 24.482847 | C3: 55.312434 | D3: AAN | E3: OD | F3: Not 2024 scope | G3: OSP ready | K3: existing fiber | L3: #N/A | M3: #N/A | N3: #N/A | O3: AAN3376
A4: AAN2944 | B4: 24.54658 | C4: 55.20779 | D4: AAN | E4: OD | F4: Not 2024 scope | K4: to be via MW
A5: AAN3314 | B5: 24.232158 | C5: 55.538544 | D5: AAN | E5: OD | F5: Not 2024 scope | G5: OSP ready
A6: AUG6244 | B6: 24.421783 | C6: 54.680092 | D6: AUH | E6: OD | F6: Y2024 scope | G6: Taawun | K6: Y2024 fiber scope
A7: AAN3562 | B7: 24.385085 | C7: 55.080896 | D7: AAN | E7: OD | F7: Not 2024 scope | K7: to be via MW
A8: AAN3621 | B8: 24.165144 | C8: 55.674168 | D8: AAN | E8: OD | F8: Not 2024 scope | G8: OSP ready
A9: AUH1332 | B9: 24.52436 | C9: 54.671444 | D9: AUH | E9: OD | F9: Not 2024 scope | G9: OSP ready
A10: AUH2016 | B10: 24.4328 | C10: 54.5029 | D10: AUH | E10: OD | F10: Not 2024 scope | K10: to be via MW
A11: AUH1338 | B11: 24.52294 | C11: 54.670598 | D11: AUH | E11: OD | F11: Not 2024 scope | G11: OSP ready
A12: AUH2244 | B12: 24.524151 | C12: 54.896038 | D12: AUH | E12: OD | F12: Not 2024 scope | G12: OSP ready
A13: AUH2250 | B13: 24.43895 | C13: 54.61713 | D13: AUH | E13: OD | F13: Y2024 scope | K13: Y2024 fiber scope
A14: AUH2139 | B14: 24.402359 | C14: 54.750036 | D14: AUH | E14: OD | F14: Not 2024 scope | G14: OSP ready
A15: AAN3586 | B15: 24.772756 | C15: 55.78012 | D15: AAN | E15: OD | F15: Not 2024 scope | K15: to be via MW
A16: AUH2429 | B16: 24.475705 | C16: 54.85195 | D16: AUH | E16: OD | F16: Not 2024 scope | G16: OSP Ready
A17: AUH2668 | B17: 24.34168 | C17: 54.50059 | D17: AUH | E17: OD | F17: Not 2024 scope | G17: OSP Ready under AUH2668
A18: AUH2443 | B18: 24.51324 | C18: 54.37183 | D18: AUH | E18: OD | F18: Y2024 scope | G18: Taawun | K18: Y2024 fiber scope
A19: AUH2496 | B19: 24.46796 | C19: 54.3794 | D19: AUH | E19: OD | F19: Not 2024 scope | G19: OSP ready
A20: AUH2716 | B20: 24.20244 | C20: 54.46275 | D20: AUH | E20: OD | F20: Not 2024 scope | G20: OSP ready
A21: AUH3031 | B21: 24.833996 | C21: 54.758568 | D21: AUH | E21: OD | F21: Not 2024 scope | K21: to be via MW
A22: AAN3536 | B22: 24.506082 | C22: 55.632166 | D22: AAN | E22: OD | F22: Not 2024 scope | G22: OSP ready
A23: AUH2821 | B23: 24.46147 | C23: 54.824555 | D23: AUH | E23: OD | F23: Not 2024 scope | G23: OSP ready
A24: AAN3578 | B24: 24.155369 | C24: 55.711152 | D24: AAN | E24: OD | F24: Not 2024 scope | G24: OSP ready
A25: AAN3607 | B25: 24.066224 | C25: 55.892893 | D25: AAN | E25: OD | F25: Not 2024 scope | G25: OSP ready
A26: AAN3579 | B26: 24.154937 | C26: 55.700203 | D26: AAN | E26: OD | F26: Not 2024 scope | G26: OSP ready
A27: AUH3072 | B27: 24.299067 | C27: 54.672818 | D27: AUH | E27: OD | F27: Y2024 scope | G27: Taawun | K27: Y2024 fiber scope
A28: AAN3613 | B28: 24.366577 | C28: 55.79303 | D28: AAN | E28: OD | F28: Not 2024 scope | G28: OSP ready
A29: AAN3545 | B29: 24.227858 | C29: 55.757993 | D29: AAN | E29: OD | F29: Not 2024 scope | G29: OSP ready
A30: AAN3573 | B30: 24.622802 | C30: 55.737799 | D30: AAN | E30: OD | F30: Not 2024 scope | K30: to be via MW
A31: AUH3040 | B31: 24.17001 | C31: 54.64447 | D31: AUH | E31: OD | F31: Not 2024 scope | G31: Possible | H31: 432951.7 | I31: 7 months | K31: existing fiber | L31: existing | M31: AUH3040 | N31: #N/A | O31: AUH3040
A32: AAN3549 | B32: 24.081033 | C32: 55.600666 | D32: AAN | E32: OD | F32: Not 2024 scope | G32: OSP ready
A33: AAN3531 | B33: 23.9613823 | C33: 55.0328846 | D33: AAN | E33: OD | F33: Not 2024 scope | K33: to be via MW
A34: AUH3350 | B34: 24.374456 | C34: 54.622955 | D34: AUH | E34: OD | F34: Not 2024 scope | G34: Taawun | K34: Y2024 fiber scope | M34: wala ito sa main list na nasa shared folder
A35: AAN3593 | B35: 24.217903 | C35: 55.795748 | D35: AAN | E35: OD | F35: Not 2024 scope | G35: OSP ready
A36: AUH3130 | B36: 24.3982 | C36: 54.5017 | D36: AUH | E36: OD | F36: Not 2024 scope | G36: OSP ready
A37: AAN3514 | B37: 24.201039 | C37: 55.797567 | D37: AAN | E37: OD | F37: Not 2024 scope | G37: OSP ready
A38: AAN3551 | B38: 24.313755 | C38: 55.803783 | D38: AAN | E38: OD | F38: Not 2024 scope | G38: OSP ready
A39: AUH3349 | B39: 24.38288 | C39: 54.61361 | D39: AUH | E39: OD | F39: Not 2024 scope | G39: Taawun | K39: Y2024 fiber scope
A40: AUH3388 | B40: 24.532192 | C40: 54.426428 | D40: AUH | E40: OD | F40: Not 2024 scope | K40: to be via MW
A41: AUH3354 | B41: 24.37306 | C41: 54.616 | D41: AUH | E41: OD | F41: Not 2024 scope | G41: OSP ready
A42: AUH3353 | B42: 24.360467 | C42: 54.60076 | D42: AUH | E42: OD | F42: Not 2024 scope | G42: Taawun | K42: Y2024 fiber scope
A43: AUH3924 | B43: 24.441999 | C43: 54.413716 | D43: AUH | E43: OD | F43: Not 2024 scope | G43: OSP ready
A44: AUH3926 | B44: 24.36764 | C44: 54.59737 | D44: AUH | E44: OD | F44: Not 2024 scope | G44: OSP ready
A45: AUH3927 | B45: 24.397 | C45: 54.62778 | D45: AUH | E45: OD | F45: Not 2024 scope | G45: OSP ready
A46: AUH3915 | B46: 24.329216 | C46: 54.777928 | D46: AUH | E46: OD | F46: Not 2024 scope | K46: to be via MW
A47: AUH3982 | B47: 24.41834 | C47: 54.85376 | D47: AUH | E47: OD | F47: Not 2024 scope | G47: OSP ready
A48: AUH3930 | B48: 24.322423 | C48: 54.755837 | D48: AUH | E48: OD | F48: Not 2024 scope | K48: to be via MW
A49: AUH3993 | B49: 24.39067 | C49: 54.62157 | D49: AUH | E49: OD | F49: Not 2024 scope | G49: OSP ready
A50: AUH3994 | B50: 24.38042 | C50: 54.59773 | D50: AUH | E50: OD | F50: Not 2024 scope | G50: OSP ready
A51: AUH3995 | B51: 24.35809 | C51: 54.59494 | D51: AUH | E51: OD | F51: Not 2024 scope | G51: OSP ready
A52: AUH3997 | B52: 24.38212 | C52: 54.60859 | D52: AUH | E52: OD | F52: Not 2024 scope | G52: OSP ready
A53: AUH3998 | B53: 24.378657 | C53: 54.61962 | D53: AUH | E53: OD | F53: Not 2024 scope | G53: OSP ready
A54: AUH3996 | B54: 24.383157 | C54: 54.62216 | D54: AUH | E54: OD | F54: Not 2024 scope | G54: OSP ready
A55: AUH6077 | B55: 24.56455 | C55: 54.86075 | D55: AUH | E55: OD | F55: Not 2024 scope | G55: OSP ready
A56: AUH6087 | B56: 24.50643 | C56: 54.84874 | D56: AUH | E56: OD | F56: Not 2024 scope | G56: OSP ready
A57: AUH6094 | B57: 24.523834 | C57: 55.074304 | D57: AUH | E57: OD | F57: Not 2024 scope | G57: OSP ready
A58: AUH6115 | B58: 24.3941 | C58: 54.49145 | D58: AUH | E58: OD | F58: Not 2024 scope | G58: OSP ready
A59: AUH6116 | B59: 24.405282 | C59: 54.714307 | D59: AUH | E59: OD | F59: Y2024 scope | G59: Taawun | K59: Y2024 fiber scope
A60: AUH3789 | B60: 24.451171 | C60: 54.632523 | D60: AUH | E60: OD | F60: Not 2024 scope | K60: to be via MW
A61: AUH6135 | B61: 24.477003 | C61: 54.350968 | D61: AUH | E61: OD | F61: Not 2024 scope | G61: OSP ready
A62: AUH6123 | B62: 24.344307 | C62: 54.532692 | D62: AUH | E62: OD | F62: Not 2024 scope | G62: OSP ready
A63: AUH3728 | B63: 24.42378 | C63: 54.71385 | D63: AUH | E63: OD | F63: Not 2024 scope | G63: OSP ready
A64: AUH6142 | B64: 24.41908326 | C64: 54.40712 | D64: AUH | E64: OD | F64: Y2024 scope | G64: Taawun | K64: Y2024 fiber scope
A65: AUH6141 | B65: 24.41743 | C65: 54.40387 | D65: AUH | E65: OD | F65: Y2024 scope | G65: Taawun | K65: Y2024 fiber scope
A66: AUH6213 | B66: 24.62205 | C66: 54.87386 | D66: AUH | E66: OD | F66: Not 2024 scope | K66: to be via MW
A67: AUH3784 | B67: 24.459717 | C67: 54.634538 | D67: AUH | E67: OD | F67: Not 2024 scope | K67: to be via MW
A68: AUH6143 | B68: 24.41689052 | C68: 54.41032406 | D68: AUH | E68: OD | F68: Y2024 scope | G68: Taawun | K68: Y2024 fiber scope
A69: AUH3791 | B69: 24.5711 | C69: 54.762578 | D69: AUH | E69: OD | F69: Not 2024 scope | G69: OSP ready
A70: AUH3785 | B70: 24.43265 | C70: 54.66972 | D70: AUH | E70: OD | F70: Not 2024 scope | K70: to be via MW
A71: AUH3827 | B71: 24.67808 | C71: 54.78419 | D71: AUH | E71: OD | F71: Not 2024 scope | G71: OSP ready
A72: AUH6567 | B72: 24.37668 | C72: 54.50046 | D72: AUH | E72: OD | F72: Not 2024 scope | G72: OSP ready
A73: AUH6606 | B73: 24.638 | C73: 54.7296 | D73: AUH | E73: OD | F73: Not 2024 scope | G73: OSP ready
A74: AUH6396 | B74: 24.752662 | C74: 54.677874 | D74: AUH | E74: OD | F74: Not 2024 scope | K74: to be via MW
A75: AUH3352 | B75: 24.36115 | C75: 54.60802 | D75: AUH | E75: OD | F75: Not 2024 scope | G75: OSP ready
A76: AUH6565 | B76: 24.3692 | C76: 54.51547 | D76: AUH | E76: OD | F76: Not 2024 scope | G76: OSP ready
A77: AUH6604 | B77: 24.6932 | C77: 54.7199 | D77: AUH | E77: OD | F77: Not 2024 scope | K77: to be via MW
A78: AUH3792 | B78: 24.48773 | C78: 54.878103 | D78: AUH | E78: OD | F78: Not 2024 scope | G78: OSP ready
A79: AUH3842 | B79: 24.53187 | C79: 54.414114 | D79: AUH | E79: OD | F79: Y2024 scope | G79: Taawun | K79: Y2024 fiber scope
A80: AUH3839 | B80: 24.455915 | C80: 54.325364 | D80: AUH | E80: OD | F80: Not 2024 scope | G80: Taawun | K80: Y2024 fiber scope
A81: AUH3725 | B81: 24.26741 | C81: 54.65862 | D81: AUH | E81: OD | F81: Y2024 scope | G81: Taawun | K81: Y2024 fiber scope
A82: AUH6217 | B82: 24.44421 | C82: 54.366158 | D82: AUH | E82: OD | F82: Not 2024 scope | K82: to be via MW
A83: AUH6543 | B83: 24.74417 | C83: 54.72634 | D83: AUH | E83: OD | F83: Y2024 scope | G83: Taawun | K83: Y2024 fiber scope
A84: AUH3411 | B84: 24.34488 | C84: 54.67922 | D84: AUH | E84: OD | F84: Y2024 scope | G84: Taawun | K84: Y2024 fiber scope
A85: AUH6564 | B85: 24.28014 | C85: 54.64608 | D85: AUH | E85: OD | F85: Not 2024 scope | G85: OSP ready
A86: AUH2393 | B86: 23.14793 | C86: 53.71295 | D86: WR | E86: OD | F86: Not 2024 scope | K86: to be via MW
A87: AUH2728 | B87: 24.09762 | C87: 53.50104 | D87: WR | E87: OD | F87: Not 2024 scope | G87: Taawun | K87: Y2024 fiber scope
A88: AUH2526 | B88: 24.24488 | C88: 54.34147 | D88: WR | E88: OD | F88: Not 2024 scope | K88: to be via MW
A89: AUG6245 | B89: 22.894434 | C89: 54.364027 | D89: WR | E89: OD | F89: Not 2024 scope | K89: to be via MW
A90: AUH2787 | B90: 24.042404 | C90: 53.645424 | D90: WR | E90: OD | F90: Not 2024 scope | G90: OSP ready
A91: AUH2785 | B91: 23.960921 | C91: 52.122008 | D91: WR | E91: OD | F91: Not 2024 scope | K91: to be via MW
A92: AUH2788 | B92: 23.144221 | C92: 53.955931 | D92: WR | E92: OD | F92: Not 2024 scope | K92: to be via MW
A93: AUH2790 | B93: 24.171191 | C93: 51.993812 | D93: WR | E93: OD | F93: Not 2024 scope | K93: to be via MW
A94: AUH3722 | B94: 23.645359 | C94: 53.68481 | D94: WR | E94: OD | F94: Y2024 scope | G94: Taawun | K94: Y2024 fiber scope
A95: AUH3621 | B95: 23.67784 | C95: 52.49267 | D95: WR | E95: OD | F95: Not 2024 scope | K95: to be via MW
A96: AUH3887 | B96: 23.01076 | C96: 53.73097 | D96: WR | E96: OD | F96: Not 2024 scope | G96: Possible | H96: 366097.5 | I96: 6 months | K96: existing fiber | L96: #N/A | M96: #N/A | N96: #N/A | O96: AUH3887
A97: AUH3922 | B97: 23.25762 | C97: 54.30911 | D97: WR | E97: OD | F97: Y2024 scope | G97: OSP Ready | K97: Y2024 fiber scope
A98: AUH3796 | B98: 22.980199 | C98: 53.975256 | D98: WR | E98: OD | F98: Not 2024 scope | K98: to be via MW
A99: AUH3790 | B99: 23.85301 | C99: 52.8033 | D99: WR | E99: OD | F99: Not 2024 scope | G99: OSP ready
A100: AUH6046 | B100: 24.137586 | C100: 52.743603 | D100: WR | E100: OD | F100: Not 2024 scope | K100: to be via MW
...

Sheet Sheet3
H3: AUH1332 | I3: =VLOOKUP(H3,Sheet2!$A:$F,6,0) -> Not 2024 scope | J3: =VLOOKUP(H3,Sheet2!$A:$G,7,0) -> OSP ready
H4: AUH1338 | I4: =VLOOKUP(H4,Sheet2!$A:$F,6,0) -> Not 2024 scope | J4: =VLOOKUP(H4,Sheet2!$A:$G,7,0) -> OSP ready
H5: AAN3607 | I5: =VLOOKUP(H5,Sheet2!$A:$F,6,0) -> Not 2024 scope | J5: =VLOOKUP(H5,Sheet2!$A:$G,7,0) -> OSP ready
H6: AAN3551 | I6: =VLOOKUP(H6,Sheet2!$A:$F,6,0) -> Not 2024 scope | J6: =VLOOKUP(H6,Sheet2!$A:$G,7,0) -> OSP ready
H7: AUH3926 | I7: =VLOOKUP(H7,Sheet2!$A:$F,6,0) -> Not 2024 scope | J7: =VLOOKUP(H7,Sheet2!$A:$G,7,0) -> OSP ready
H8: AUH2787 | I8: =VLOOKUP(H8,Sheet2!$A:$F,6,0) -> Not 2024 scope | J8: =VLOOKUP(H8,Sheet2!$A:$G,7,0) -> OSP ready
H9: AUH6615 | I9: =VLOOKUP(H9,Sheet2!$A:$F,6,0) -> Not 2024 scope | J9: =VLOOKUP(H9,Sheet2!$A:$G,7,0) -> OSP ready
H10: AUH3167 | I10: =VLOOKUP(H10,Sheet2!$A:$F,6,0) -> Not 2024 scope | J10: =VLOOKUP(H10,Sheet2!$A:$G,7,0) -> OSP ready
H11: AUH3909 | I11: =VLOOKUP(H11,Sheet2!$A:$F,6,0) -> Not 2024 scope | J11: =VLOOKUP(H11,Sheet2!$A:$G,7,0) -> OSP ready
H12: AUH3937 | I12: =VLOOKUP(H12,Sheet2!$A:$F,6,0) -> Not 2024 scope | J12: =VLOOKUP(H12,Sheet2!$A:$G,7,0) -> OSP ready
H13: AUH3270 | I13: =VLOOKUP(H13,Sheet2!$A:$F,6,0) -> Not 2024 scope | J13: =VLOOKUP(H13,Sheet2!$A:$G,7,0) -> OSP ready
H14: AAN3305 | I14: =VLOOKUP(H14,Sheet2!$A:$F,6,0) -> Not 2024 scope | J14: =VLOOKUP(H14,Sheet2!$A:$G,7,0) -> OSP ready

Sheet Sheet1
A2: AAN3376 | B2: 24.482847 | C2: 55.312434 | D2: AAN | E2: OD | F2: Not 2024 scope | G2: OSP ready | K2: Transport feedback required | L2: =VLOOKUP(A2,'consdolidated (2)'!B:N,13,0) -> existing fiber
A3: AUH3040 | B3: 24.17001 | C3: 54.64447 | D3: AUH | E3: OD | F3: Not 2024 scope | G3: Possible | H3: 432951.7 | I3: 7 months | K3: Transport feedback required | L3: =VLOOKUP(A3,'consdolidated (2)'!B:N,13,0) -> existing fiber
A4: AUH3350 | B4: 24.374456 | C4: 54.622955 | D4: AUH | E4: OD | F4: Not 2024 scope | G4: Taawun | K4: Transport feedback required | L4: =VLOOKUP(A4,'consdolidated (2)'!B:N,13,0) -> Y2024 fiber scope
A5: AUH3349 | B5: 24.38288 | C5: 54.61361 | D5: AUH | E5: OD | F5: Not 2024 scope | G5: Taawun | K5: Transport feedback required | L5: =VLOOKUP(A5,'consdolidated (2)'!B:N,13,0) -> Y2024 fiber scope
A6: AUH3353 | B6: 24.360467 | C6: 54.60076 | D6: AUH | E6: OD | F6: Not 2024 scope | G6: Taawun | K6: Transport feedback required | L6: =VLOOKUP(A6,'consdolidated (2)'!B:N,13,0) -> Y2024 fiber scope
A7: AUH3839 | B7: 24.455915 | C7: 54.325364 | D7: AUH | E7: OD | F7: Not 2024 scope | G7: Taawun | K7: Transport feedback required | L7: =VLOOKUP(A7,'consdolidated (2)'!B:N,13,0) -> Y2024 fiber scope
A8: AUH2728 | B8: 24.09762 | C8: 53.50104 | D8: WR | E8: OD | F8: Not 2024 scope | G8: Taawun | K8: Transport feedback required | L8: =VLOOKUP(A8,'consdolidated (2)'!B:N,13,0) -> Y2024 fiber scope
A9: AUH3887 | B9: 23.01076 | C9: 53.73097 | D9: WR | E9: OD | F9: Not 2024 scope | G9: Possible | H9: 366097.5 | I9: 6 months | K9: Transport feedback required | L9: =VLOOKUP(A9,'consdolidated (2)'!B:N,13,0) -> existing fiber
A10: AUH6182 | B10: 23.08757 | C10: 54.04193 | D10: WR | E10: OD | F10: Not 2024 scope | G10: Possible | H10: 200000 | I10: 5 months | K10: Transport feedback required | L10: =VLOOKUP(A10,'consdolidated (2)'!B:N,13,0) -> existing fiber
A11: AAN3620 | B11: 23.92988 | C11: 55.36166 | D11: AAN | E11: OD | F11: Not 2024 scope | G11: Possible | H11: 1288498.9 | I11: 10 months | J11: The route of this site passing at AAN3339,AAN2408 but they are not mentioned at this list | K11: Transport feedback required | L11: =VLOOKUP(A11,'consdolidated (2)'!B:N,13,0) -> MW 2024
A12: AAN3635 | B12: 24.56546 | C12: 55.76141 | D12: AAN | E12: OD | F12: Not 2024 scope | G12: Possible | H12: 200000 | I12: 5 months | K12: Transport feedback required | L12: =VLOOKUP(A12,'consdolidated (2)'!B:N,13,0) -> MW 2024
A13: AAN3544 | B13: 24.31274 | C13: 55.65119 | D13: AAN | E13: OD | F13: Not 2024 scope | G13: Possible | H13: 635241.04 | I13: 8 months | K13: Transport feedback required | L13: =VLOOKUP(A13,'consdolidated (2)'!B:N,13,0) -> MW 2024
A14: AAN3443 | B14: 24.29998 | C14: 55.71477 | D14: AAN | E14: OD | F14: Not 2024 scope | G14: Possible | H14: 200000 | I14: 5 months | K14: Transport feedback required | L14: =VLOOKUP(A14,'consdolidated (2)'!B:N,13,0) -> MW 2024
A15: AAN3119 | B15: 24.471723 | C15: 55.345157 | D15: AAN | E15: OD | F15: Not 2024 scope | G15: Possible | H15: 238000 | I15: 4 months | K15: Transport feedback required | L15: =VLOOKUP(A15,'consdolidated (2)'!B:N,13,0) -> existing fiber
A16: AAN3603 | B16: 23.624035 | C16: 55.514912 | D16: AAN | E16: OD | F16: Not 2024 scope | G16: Possible | H16: 450907.04 | I16: 7 months | J16: This site is dependent on AAN3396,AAN3230,AAN2427,AAN2200,AAN2269,AAN2421,AAN2268,AAN3258 | K16: Transport feedback required | L16: =VLOOKUP(A16,'consdolidated (2)'!B:N,13,0) -> MW 2024
A17: AAN3604 | B17: 23.60812 | C17: 55.41776 | D17: AAN | E17: OD | F17: Not 2024 scope | G17: Possible | H17: 1352195.4 | I17: 10 months | K17: Transport feedback required | L17: =VLOOKUP(A17,'consdolidated (2)'!B:N,13,0) -> MW 2024
A18: AUH3361 | B18: 24.3549 | C18: 54.59946 | D18: AUH | E18: OD | F18: Not 2024 scope | G18: Taawun | K18: Transport feedback required | L18: =VLOOKUP(A18,'consdolidated (2)'!B:N,13,0) -> Y2024 fiber scope
A19: AUH2801 | B19: 24.45957 | C19: 54.5549 | D19: AUH | E19: OD | F19: Not 2024 scope | G19: Not Possible | K19: Transport feedback required | L19: =VLOOKUP(A19,'consdolidated (2)'!B:N,13,0) -> MW 2024
A20: AUH3943 | B20: 24.36643 | C20: 54.61102 | D20: AUH | E20: OD | F20: Not 2024 scope | G20: Taawun | K20: Transport feedback required | L20: =VLOOKUP(A20,'consdolidated (2)'!B:N,13,0) -> Y2024 fiber scope
A21: AUH3463 | B21: 24.05678 | C21: 55.05474 | D21: AUH | E21: OD | F21: Not 2024 scope | G21: Possible | H21: 577201.8 | I21: 7 months | J21: The route of this site passing at AAN2394 but it is not mentioned at this list, also this site is dependent on AAN2393 which is in this list. | K21: Transport feedback required | L21: =VLOOKUP(A21,'consdolidated (2)'!B:N,13,0) -> MW 2024
A22: AUH3097 | B22: 24.568023 | C22: 54.794495 | D22: AUH | E22: OD | F22: Not 2024 scope | G22: Possible | H22: 220000 | J22: Military-site survey required | K22: Transport feedback required | L22: =VLOOKUP(A22,'consdolidated (2)'!B:N,13,0) -> MW 2024
A23: AUH3726 | B23: 24.26893 | C23: 54.67236 | D23: AUH | E23: OD | F23: Not 2024 scope | G23: Taawun | K23: Transport feedback required | L23: =VLOOKUP(A23,'consdolidated (2)'!B:N,13,0) -> Y2024 fiber scope
A24: AUH6134 | B24: 24.18824 | C24: 54.6697 | D24: AUH | E24: OD | F24: Not 2024 scope | G24: Possible | H24: 204893.76 | I24: 5 months | K24: Transport feedback required | L24: =VLOOKUP(A24,'consdolidated (2)'!B:N,13,0) -> existing fiber
A25: AUH3347 | B25: 24.382617 | C25: 54.631091 | D25: AUH | E25: OD | F25: Not 2024 scope | G25: Taawun | K25: Transport feedback required | L25: =VLOOKUP(A25,'consdolidated (2)'!B:N,13,0) -> Y2024 fiber scope
A26: AUH6571 | B26: 24.374616 | C26: 54.504382 | D26: AUH | E26: OD | F26: Not 2024 scope | G26: Possible | H26: 25000 | I26: 3 months | K26: Transport feedback required | L26: =VLOOKUP(A26,'consdolidated (2)'!B:N,13,0) -> existing fiber
A27: AUH3505 | B27: 23.977647 | C27: 53.796505 | D27: WR | E27: OD | F27: Not 2024 scope | G27: Site survey required | J27: CICPA Gate Pass is Required for Site Survey | K27: Transport feedback required | L27: =VLOOKUP(A27,'consdolidated (2)'!B:N,13,0) -> MW 2024
A28: AUH3941 | B28: 24.706274 | C28: 54.739298 | D28: AUH | E28: OD | F28: Not 2024 scope | G28: Taawun | K28: Transport feedback required | L28: =VLOOKUP(A28,'consdolidated (2)'!B:N,13,0) -> Y2024 fiber scope
A29: AAN3728 | B29: 24.30125 | C29: 55.12642 | D29: AAN | E29: OD | F29: Not 2024 scope | G29: Possible | H29: 1500000 | I29: 10 months | K29: Transport feedback required | L29: =VLOOKUP(A29,'consdolidated (2)'!B:N,13,0) -> MW 2024
A30: AUH1155 | B30: 24.616716 | C30: 54.738591 | D30: AUH | E30: OD | F30: Not 2024 scope | G30: Possible | H30: 45000 | I30: 3 months | K30: Transport feedback required | L30: =VLOOKUP(A30,'consdolidated (2)'!B:N,13,0) -> Y2024 fiber scope
A31: AUH1341 | B31: 24.228142 | C31: 54.685448 | D31: AUH | E31: OD | F31: Not 2024 scope | G31: Possible | H31: 280688 | I31: 4 months | K31: Transport feedback required | L31: =VLOOKUP(A31,'consdolidated (2)'!B:N,13,0) -> MW 2024
A32: AAN3111 | B32: 24.295812 | C32: 55.752072 | D32: AAN | E32: OD | F32: Not 2024 scope | G32: Possible | H32: 356727.1 | I32: 8 months | K32: Transport feedback required | L32: =VLOOKUP(A32,'consdolidated (2)'!B:N,13,0) -> MW 2024
A33: AAN3410 | B33: 24.172060 | C33: 55.958240 | D33: AAN | E33: OD | F33: Not 2024 scope | G33: Possible | H33: 370000 | I33: 7 months | K33: Transport feedback required | L33: =VLOOKUP(A33,'consdolidated (2)'!B:N,13,0) -> MW 2024
A34: AAN3411 | B34: 24.167057 | C34: 55.918268 | D34: AAN | E34: OD | F34: Not 2024 scope | G34: Possible | H34: 157619.88 | I34: 5 months | K34: Transport feedback required | L34: =VLOOKUP(A34,'consdolidated (2)'!B:N,13,0) -> Y2024 fiber scope
A35: AAN3632 | B35: 24.3238 | C35: 55.81175 | D35: AAN | E35: OD | F35: Not 2024 scope | G35: Possible | H35: 25000 | I35: 3 months | K35: Transport feedback required | L35: =VLOOKUP(A35,'consdolidated (2)'!B:N,13,0) -> Y2024 fiber scope
A36: AAN3736 | B36: 24.097510 | C36: 55.228250 | D36: AAN | E36: OD | F36: Not 2024 scope | G36: Possible | H36: 528416.36 | I36: 7 months | K36: Transport feedback required | L36: =VLOOKUP(A36,'consdolidated (2)'!B:N,13,0) -> MW 2024
A37: AAN3196 | B37: 24.134516 | C37: 55.845265 | D37: AAN | E37: OD | F37: Not 2024 scope | G37: Taawun | K37: Transport feedback required | L37: =VLOOKUP(A37,'consdolidated (2)'!B:N,13,0) -> Y2024 fiber scope
A38: AAN3112 | B38: 24.191437 | C38: 55.741211 | D38: AAN | E38: OD | F38: Not 2024 scope | G38: Possible | H38: 313598.88 | I38: 4 months | K38: Transport feedback required | L38: =VLOOKUP(A38,'consdolidated (2)'!B:N,13,0) -> MW 2024
A39: AAN3575 | B39: 24.199720 | C39: 55.782576 | D39: AAN | E39: OD | F39: Not 2024 scope | G39: Possible | H39: 25000 | I39: 3 months | K39: Transport feedback required | L39: =VLOOKUP(A39,'consdolidated (2)'!B:N,13,0) -> Y2024 fiber scope
A40: AUH1717 | B40: 24.434034 | C40: 54.625235 | D40: AUH | E40: OD | F40: Not 2024 scope | G40: Possible | H40: 50000 | I40: 5 months | K40: Transport feedback required | L40: =VLOOKUP(A40,'consdolidated (2)'!B:N,13,0) -> existing fiber
A41: AAN3199 | B41: 24.115846 | C41: 55.838763 | D41: AAN | E41: OD | F41: Not 2024 scope | G41: Taawun | K41: Transport feedback required | L41: =VLOOKUP(A41,'consdolidated (2)'!B:N,13,0) -> Y2024 fiber scope
A42: AAN2943 | B42: 24.292712 | C42: 55.794188 | D42: AAN | E42: OD | F42: Not 2024 scope | G42: Possible | H42: 220875.38 | I42: 4 months | K42: Transport feedback required | L42: =VLOOKUP(A42,'consdolidated (2)'!B:N,13,0) -> MW 2024
A43: AAN3641 | B43: 24.170849 | C43: 55.702970 | D43: AAN | E43: OD | F43: Not 2024 scope | G43: Possible | H43: 280000 | I43: 4 months | K43: Transport feedback required | L43: =VLOOKUP(A43,'consdolidated (2)'!B:N,13,0) -> MW 2024
A44: AAN3245 | B44: 24.314310 | C44: 55.537865 | D44: AAN | E44: OD | F44: Not 2024 scope | G44: Possible | H44: 497594.74 | I44: 7 months | J44: this site is dependent on AAN3371 which is in this list. | K44: Transport feedback required | L44: =VLOOKUP(A44,'consdolidated (2)'!B:N,13,0) -> MW 2024
A45: AAN3309 | B45: 24.208221 | C45: 55.804607 | D45: AAN | E45: OD | F45: Not 2024 scope | G45: OSP Provisioned | H45: 40000 | K45: Transport feedback required | L45: =VLOOKUP(A45,'consdolidated (2)'!B:N,13,0) -> Y2024 fiber scope
A46: AAN3705 | B46: 24.124121 | C46: 55.852140 | D46: AAN | E46: OD | F46: Not 2024 scope | G46: Taawun | K46: Transport feedback required | L46: =VLOOKUP(A46,'consdolidated (2)'!B:N,13,0) -> Y2024 fiber scope
A47: AAN3759 | B47: 24.684420 | C47: 55.704370 | D47: AAN | E47: OD | F47: Not 2024 scope | G47: Possible | H47: 156416.78 | I47: 3 months | K47: Transport feedback required | L47: =VLOOKUP(A47,'consdolidated (2)'!B:N,13,0) -> Y2024 fiber scope
A48: AAN3710 | B48: 24.128241 | C48: 55.831722 | D48: AAN | E48: OD | F48: Not 2024 scope | G48: Taawun | K48: Transport feedback required | L48: =VLOOKUP(A48,'consdolidated (2)'!B:N,13,0) -> Y2024 fiber scope
A49: AAN3757 | B49: 24.218610 | C49: 55.444570 | D49: AAN | E49: OD | F49: Not 2024 scope | G49: Possible | H49: 25000 | I49: 3 months | K49: Transport feedback required | L49: =VLOOKUP(A49,'consdolidated (2)'!B:N,13,0) -> Y2024 fiber scope
A50: AAN3783 | B50: 24.189000 | C50: 55.529230 | D50: AAN | E50: OD | F50: Not 2024 scope | G50: Possible | H50: 120000 | I50: 4 months | K50: Transport feedback required | L50: =VLOOKUP(A50,'consdolidated (2)'!B:N,13,0) -> Y2024 fiber scope
A51: AAN3743 | B51: 24.601490 | C51: 55.622480 | D51: AAN | E51: OD | F51: Not 2024 scope | G51: Possible | H51: 366281.94 | I51: 7 months | J51: this site is dependent on AAN3611 which is in this list. | K51: Transport feedback required | L51: =VLOOKUP(A51,'consdolidated (2)'!B:N,13,0) -> MW 2024
A52: AAN3558 | B52: 24.213612 | C52: 55.719689 | D52: AAN | E52: OD | F52: Not 2024 scope | G52: Possible | H52: 134358.18 | I52: 3 months | K52: Transport feedback required | L52: =VLOOKUP(A52,'consdolidated (2)'!B:N,13,0) -> Y2024 fiber scope
A53: AAN3611 | B53: 24.62533 | C53: 55.64709 | D53: AAN | E53: OD | F53: Not 2024 scope | G53: Possible | H53: 630162.58 | I53: 8 months | K53: Transport feedback required | L53: =VLOOKUP(A53,'consdolidated (2)'!B:N,13,0) -> MW 2024
A54: AUH3099 | B54: 24.091241 | C54: 53.517785 | D54: AUH | E54: OD | F54: Not 2024 scope | G54: Taawun | K54: Transport feedback required | L54: =VLOOKUP(A54,'consdolidated (2)'!B:N,13,0) -> Y2024 fiber scope
A55: AAN3511 | B55: 24.21089 | C55: 55.625819 | D55: AAN | E55: OD | F55: Not 2024 scope | G55: Possible | H55: 113218.6 | I55: 3 months | K55: Transport feedback required | L55: =VLOOKUP(A55,'consdolidated (2)'!B:N,13,0) -> Y2024 fiber scope
A56: AUH3813 | B56: 24.504757 | C56: 54.613114 | D56: AUH | E56: OD | F56: Not 2024 scope | G56: Taawun | K56: Transport feedback required | L56: =VLOOKUP(A56,'consdolidated (2)'!B:N,13,0) -> Y2024 fiber scope
A57: AUH3970 | B57: 24.456518° | C57: 54.600285° | D57: AUH | E57: OD | F57: Not 2024 scope | G57: Taawun | K57: Transport feedback required | L57: =VLOOKUP(A57,'consdolidated (2)'!B:N,13,0) -> Y2024 fiber scope
A58: AAN3390 | B58: 24.082200° | C58: 55.678020° | D58: AAN | E58: OD | F58: Not 2024 scope | G58: Possible | H58: 55000 | I58: 4 months | K58: Transport feedback required | L58: =VLOOKUP(A58,'consdolidated (2)'!B:N,13,0) -> Y2024 fiber scope
A59: AUH1726 | B59: 24.298820° | C59: 54.600748° | D59: AUH | E59: OD | F59: Not 2024 scope | G59: Possible | H59: 105000 | I59: 5 months | K59: Transport feedback required | L59: =VLOOKUP(A59,'consdolidated (2)'!B:N,13,0) -> Y2024 fiber scope
A60: AUH1751 | B60: 24.499969° | C60: 54.394800° | D60: AUH | E60: OD | F60: Not 2024 scope | G60: Taawun | K60: Transport feedback required | L60: =VLOOKUP(A60,'consdolidated (2)'!B:N,13,0) -> Y2024 fiber scope
A61: AUH1756 | B61: 24.500644° | C61: 54.399442° | D61: AUH | E61: OD | F61: Not 2024 scope | G61: Taawun | K61: Transport feedback required | L61: =VLOOKUP(A61,'consdolidated (2)'!B:N,13,0) -> Y2024 fiber scope
A62: AUH1767 | B62: 24.506221° | C62: 54.398301° | D62: AUH | E62: OD | F62: Not 2024 scope | G62: Taawun | K62: Transport feedback required | L62: =VLOOKUP(A62,'consdolidated (2)'!B:N,13,0) -> Y2024 fiber scope
A63: AUH1776 | B63: 24.510828° | C63: 54.397013° | D63: AUH | E63: OD | F63: Not 2024 scope | G63: Taawun | K63: Transport feedback required | L63: =VLOOKUP(A63,'consdolidated (2)'!B:N,13,0) -> Y2024 fiber scope
A64: AUH1848 | B64: 24.1260579 | C64: 54.236613 | D64: AUH | E64: OD | F64: Not 2024 scope | G64: Possible | H64: 680000 | K64: Transport feedback required | L64: =VLOOKUP(A64,'consdolidated (2)'!B:N,13,0) -> MW 2024
A65: AUH6596 | B65: 24.104470° | C65: 52.793222° | D65: AUH | E65: OD | F65: Not 2024 scope | G65: Site survey required | J65: CICPA Gate Pass is Required for Site Survey | K65: Transport feedback required | L65: =VLOOKUP(A65,'consdolidated (2)'!B:N,13,0) -> MW 2024

Sheet OD
B1: =SUBTOTAL(3,B3:B1048576) -> 164 | C1: =SUBTOTAL(3,C3:C1048576) -> 164 | D1: =SUBTOTAL(3,D3:D1048576) -> 164 | E1: =SUBTOTAL(3,E3:E1048576) -> 164 | F1: =SUBTOTAL(3,F3:F1048576) -> 164
B2: Sitecode | C2: Region | D2: Latitude | E2: Longitude | F2: Site Type | G2: Scope | H2: Status | I2: Cost | J2: Depandancy | K2: Transport Feedback
B3: AAG6105 | C3: AAN | D3: 24.301 | E3: 55.12645 | F3: Existing | G3: OD | H3: Possible | I3: 1168587 | K3: to be via MW
B4: AAN2200 | C4: AAN | D4: 23.630973 | E4: 55.561021 | F4: Existing | G4: OD | H4: Possible | I4: 465948.03 | J4: Depend to Connect AAN2269 | K4: to be via MW
B5: AAN2263 | C5: AAN | D5: 24.10437 | E5: 55.7408 | F5: Existing | G5: OD | H5: Possible | I5: 412056.04 | K5: to be via MW
B6: AAN2268 | C6: AAN | D6: 23.7534 | E6: 55.52595 | F6: Existing | G6: OD | H6: Possible | I6: 1041620.8 | J6: Depend to Connect AAN3258 | K6: to be via MW
B7: AAN2269 | C7: AAN | D7: 23.63854 | E7: 55.56595 | F7: Existing | G7: OD | H7: Possible | I7: 1227183.1 | J7: Depend to Connect AAN2421 | K7: to be via MW
B8: AAN2270 | C8: AAN | D8: 23.5403 | E8: 55.4962 | F8: Existing | G8: OD | H8: Possible | I8: 1123293.8 | J8: Depend to Connect AAN2423 | K8: to be via MW
B9: AAN2271 | C9: AAN | D9: 23.39905 | E9: 55.42307 | F9: Existing | G9: OD | H9: Possible | I9: 381278.82 | J9: Depend to Connect AAN2424 | K9: to be via MW
B10: AAN2272 | C10: AAN | D10: 23.3157 | E10: 55.35715 | F10: Existing | G10: OD | H10: Possible | I10: 1410819.3 | J10: Depend to Connect AAN2425 | K10: to be via MW
B11: AAN2273 | C11: AAN | D11: 23.47247 | E11: 55.29668 | F11: Existing | G11: OD | H11: Possible | I11: 1490477.4 | J11: Depend to Connect AAN2383 | K11: to be via MW
B12: AAN2312 | C12: AAN | D12: 24.1454 | E12: 55.5525 | F12: Existing | G12: OD | H12: Possible | I12: 232515.62 | J12: Depend to Connect AAN3276 | K12: to be via MW
B13: AAN2314 | C13: AAN | D13: 24.17765 | E13: 55.46786 | F13: Existing | G13: OD | H13: Possible | I13: 581935.88 | K13: to be via MW
B14: AAN2326 | C14: AAN | D14: 24.12057 | E14: 55.40578 | F14: Existing | G14: OD | H14: Possible | I14: 710997.5 | J14: Depend to Connect AAN2588 | K14: to be via MW
B15: AAN2383 | C15: AAN | D15: 23.4285 | E15: 55.41047 | F15: Existing | G15: OD | H15: Possible | I15: 1027449.9 | J15: Depend to Connect AAN3287 | K15: to be via MW
B16: AAN2393 | C16: AAN | D16: 24.09338 | E16: 55.10098 | F16: Existing | G16: OD | H16: Possible | I16: 756039.55 | K16: to be via MW
B17: AAN2394 | C17: AAN | D17: 24.03036 | E17: 55.10789 | F17: Existing | G17: OD | H17: Possible | I17: 1077294.8 | J17: Depend to Connect AAN2393 | K17: to be via MW
B18: AAN2396 | C18: AAN | D18: 23.98252 | E18: 55.18256 | F18: Existing | G18: OD | H18: Possible | I18: 490163.46 | J18: Depend to Connect AAN3323 | K18: to be via MW
B19: AAN2398 | C19: AAN | D19: 24.00613 | E19: 55.40816 | F19: Existing | G19: OD | H19: Site survey required | K19: to be via MW
B20: AAN2408 | C20: AAN | D20: 23.88059 | E20: 55.40385 | F20: Existing | G20: OD | H20: Possible | I20: 974941.48 | K20: to be via MW
B21: AAN2421 | C21: AAN | D21: 23.70635 | E21: 55.56817 | F21: Existing | G21: OD | H21: Possible | I21: 1377790.5 | J21: Depend to Connect AAN2268 | K21: to be via MW
B22: AAN2422 | C22: AAN | D22: 23.642853 | E22: 55.533472 | F22: Existing | G22: OD | H22: Possible | I22: 328536.26 | J22: Depend to Connect AAN3396 | K22: to be via MW
B23: AAN2423 | C23: AAN | D23: 23.58869 | E23: 55.5346 | F23: Existing | G23: OD | H23: Possible | I23: 854510.37 | J23: Depend to Connect AAN2200 | K23: to be via MW
B24: AAN2424 | C24: AAN | D24: 23.418382 | E24: 55.422881 | F24: Existing | G24: OD | H24: Possible | I24: 411812.24 | J24: Depend to Connect AAN2424 | K24: to be via MW
B25: AAN2425 | C25: AAN | D25: 23.39908 | E25: 55.40094 | F25: Existing | G25: OD | H25: Possible | I25: 381654.18 | J25: Depend to Connect AAN3231 | K25: to be via MW
B26: AAN2426 | C26: AAN | D26: 23.48755 | E26: 55.45717 | F26: Existing | G26: OD | H26: Possible | I26: 1136245.7 | J26: Depend to Connect AAN2270 | K26: to be via MW
B27: AAN2427 | C27: AAN | D27: 23.63231 | E27: 55.55429 | F27: Existing | G27: OD | H27: Possible | I27: 208440.37 | J27: Depend to Connect AAN2200 | K27: to be via MW
B28: AAN2429 | C28: AAN | D28: 24.03254 | E28: 55.65231 | F28: Existing | G28: OD | H28: Possible | I28: 632676.75 | J28: Depend to Connect AAN3113 | K28: to be via MW
B29: AAN2436 | C29: AAN | D29: 24.21267 | E29: 55.95383 | F29: Existing | G29: OD | H29: Possible | I29: 611344.25 | K29: to be via MW
B30: AAN2472 | C30: AAN | D30: 24.13992 | E30: 55.47881 | F30: Existing | G30: OD | H30: Possible | I30: 808895.4 | J30: Depend to Connect AAN3280 | K30: to be via MW
B31: AAN2486 | C31: AAN | D31: 24.43684 | E31: 55.19456 | F31: Existing | G31: OD | H31: Possible | I31: 999138.63 | K31: to be via MW
B32: AAN2490 | C32: AAN | D32: 24.5756 | E32: 55.34289 | F32: Existing | G32: OD | H32: Possible | I32: 1418931.8 | K32: to be via MW
B33: AAN2504 | C33: AAN | D33: 23.58395 | E33: 55.45076 | F33: Existing | G33: OD | H33: Possible | I33: 1101991.8 | J33: Depend to Connect AAN2270 | K33: to be via MW
B34: AAN2511 | C34: AAN | D34: 23.986718 | E34: 55.257541 | F34: Existing | G34: OD | H34: Possible | I34: 1585477.6 | J34: Depend to Connect AAN3318 | K34: to be via MW
B35: AAN2513 | C35: AAN | D35: 24.59606 | E35: 55.39521 | F35: Existing | G35: OD | H35: Not possible | I35: 0 | K35: to be via MW
B36: AAN2530 | C36: AAN | D36: 24.08954 | E36: 55.98216 | F36: Existing | G36: OD | H36: Possible | I36: 696735.2 | K36: to be via MW
B37: AAN2815 | C37: AAN | D37: 24.2627 | E37: 55.76814 | F37: Existing | G37: OD | H37: Possible | I37: 100711.25 | K37: Y2024 fiber scope
B38: AAN2849 | C38: AAN | D38: 23.41377 | E38: 55.40641 | F38: Existing | G38: OD | H38: Possible | I38: 265715.09 | J38: Depend to Connect AAN2383 | K38: to be via MW
B39: AAN2871 | C39: AAN | D39: 24.17726 | E39: 55.73803 | F39: Existing | G39: OD | H39: Possible | I39: 316791.19 | K39: to be via MW
B40: AAN2873 | C40: AAN | D40: 24.608564 | E40: 55.461224 | F40: Existing | G40: OD | H40: Possible | I40: 732147.15 | J40: Depend to Connect AAN3134 | K40: to be via MW
B41: AAN2896 | C41: AAN | D41: 23.397574 | E41: 55.411981 | F41: Existing | G41: OD | H41: Possible | I41: 205831.71 | J41: Depend to Connect AAN2425 | K41: to be via MW
B42: AAN2912 | C42: AAN | D42: 23.642293 | E42: 55.554042 | F42: Existing | G42: OD | H42: Possible | I42: 399622.24 | J42: Depend to Connect AAN3230 | K42: to be via MW
B43: AAN2914 | C43: AAN | D43: 24.08191 | E43: 56.0133 | F43: Existing | G43: OD | H43: Possible | I43: 612807.05 | J43: Depend to Connect AAN2530 | K43: to be via MW
B44: AAN2944 | C44: AAN | D44: 24.54658 | E44: 55.20779 | F44: Existing | G44: OD | H44: Possible | I44: 958765.93 | K44: to be via MW
B45: AAN3109 | C45: AAN | D45: 24.10733 | E45: 55.74804 | F45: Existing | G45: OD | H45: Possible | I45: 219429.66 | J45: Depend to Connect AAN2263 | K45: to be via MW
B46: AAN3113 | C46: AAN | D46: 24.04721 | E46: 55.691993 | F46: Existing | G46: OD | H46: Possible | I46: 662054.65 | K46: to be via MW
B47: AAN3115 | C47: AAN | D47: 23.64923 | E47: 55.48034 | F47: Existing | G47: OD | H47: Possible | I47: 780340.32 | J47: Depend to Connect AAN2422 | K47: to be via MW
B48: AAN3116 | C48: AAN | D48: 23.503139 | E48: 55.414306 | F48: Existing | G48: OD | H48: Possible | I48: 894213.2 | J48: Depend to Connect AAN2426 | K48: to be via MW
B49: AAN3134 | C49: AAN | D49: 24.594639 | E49: 55.409865 | F49: Existing | G49: OD | H49: Possible | I49: 1143328 | J49: Depend to Connect AAN2490 | K49: to be via MW
B50: AAN3154 | C50: AAN | D50: 23.41239 | E50: 55.42345 | F50: Existing | G50: OD | H50: Possible | I50: 184688.16 | J50: Depend to Connect AAN2424 | K50: to be via MW
B51: AAN3167 | C51: AAN | D51: 24.216284 | E51: 55.476844 | F51: Existing | G51: OD | H51: Taawun | I51: 0 | K51: Y2024 fiber scope
B52: AAN3212 | C52: AAN | D52: 24.15023 | E52: 55.64064 | F52: Existing | G52: OD | H52: Taawun | I52: 0 | K52: Y2024 fiber scope
B53: AAN3213 | C53: AAN | D53: 24.15428 | E53: 55.64398 | F53: Existing | G53: OD | H53: Possible | I53: 172034.45 | K53: to be via MW
B54: AAN3214 | C54: AAN | D54: 24.1571 | E54: 55.648123 | F54: Existing | G54: OD | H54: Taawun | I54: 0 | K54: Y2024 fiber scope
B55: AAN3223 | C55: AAN | D55: 24.119474 | E55: 55.968143 | F55: Existing | G55: OD | H55: Possible | I55: 446797.54 | J55: Depend to Connect AAN2530 | K55: to be via MW
B56: AAN3230 | C56: AAN | D56: 23.63533 | E56: 55.548945 | F56: Existing | G56: OD | H56: Possible | I56: 210658.95 | J56: Depend to Connect AAN2427 | K56: to be via MW
B57: AAN3231 | C57: AAN | D57: 23.415986 | E57: 55.415062 | F57: Existing | G57: OD | H57: Possible | I57: 334765.34 | J57: Depend to Connect AAN2849 | K57: to be via MW
B58: AAN3257 | C58: AAN | D58: 24.414216 | E58: 55.097041 | F58: Existing | G58: OD | H58: Possible | I58: 1247278.3 | K58: to be via MW
B59: AAN3258 | C59: AAN | D59: 23.817315 | E59: 55.520388 | F59: Existing | G59: OD | H59: Possible | I59: 1124360.4 | K59: Y2024 fiber scope
B60: AAN3276 | C60: AAN | D60: 24.142085 | E60: 55.542659 | F60: Existing | G60: OD | H60: Possible | I60: 882015.84 | K60: to be via MW
B61: AAN3279 | C61: AAN | D61: 24.098082 | E61: 55.365053 | F61: Existing | G61: OD | H61: Possible | I61: 789623 | J61: Depend to Connect AAN2326 | K61: to be via MW
B62: AAN3280 | C62: AAN | D62: 24.141568 | E62: 55.419811 | F62: Existing | G62: OD | H62: Possible | I62: 425050.58 | J62: Depend to Connect AAN2326 | K62: to be via MW
B63: AAN3283 | C63: AAN | D63: 24.62717 | E63: 55.401996 | F63: Existing | G63: OD | H63: Possible | I63: 1278106.8 | K63: to be via MW
B64: AAN3284 | C64: AAN | D64: 23.818215 | E64: 55.460893 | F64: Existing | G64: OD | H64: Possible | I64: 799454.24 | J64: Depend to Connect AAN3258 | K64: to be via MW
B65: AAN3286 | C65: AAN | D65: 23.969915 | E65: 55.51808 | F65: Existing | G65: OD | H65: Possible | I65: 722212.3 | K65: to be via MW
B66: AAN3287 | C66: AAN | D66: 23.457613 | E66: 55.441367 | F66: Existing | G66: OD | H66: Possible | I66: 564626.08 | J66: Depend to Connect AAN2426 | K66: to be via MW
B67: AAN3289 | C67: AAN | D67: 24.525449 | E67: 55.148096 | F67: Existing | G67: OD | H67: Possible | I67: 1341159.6 | J67: Depend to Connect AAN2944 | K67: to be via MW
B68: AAN3297 | C68: AAN | D68: 24.405904 | E68: 55.199242 | F68: Existing | G68: OD | H68: Possible | I68: 598727.6 | J68: Depend to Connect AAN2486 | K68: to be via MW
B69: AAN3298 | C69: AAN | D69: 24.401862 | E69: 55.185206 | F69: Existing | G69: OD | H69: Possible | I69: 206593.59 | J69: Depend to Connect AAN3297 | K69: to be via MW
B70: AAN3300 | C70: AAN | D70: 24.270647 | E70: 55.747224 | F70: Existing | G70: OD | H70: =VLOOKUP(B70,'[1]owssvr (34)'!$A:$H,8,FALSE) -> OSP Provisioned | I70: 34500 | K70: Y2024 fiber scope
B71: AAN3308 | C71: AAN | D71: 24.228809 | E71: 55.749923 | F71: Existing | G71: OD | H71: Possible | I71: 34500 | K71: Y2024 fiber scope
B72: AAN3312 | C72: AAN | D72: 24.171052 | E72: 55.658253 | F72: Existing | G72: OD | H72: Possible | I72: 76294.68 | K72: Y2024 fiber scope
B73: AAN3318 | C73: AAN | D73: 23.997048 | E73: 55.373753 | F73: Existing | G73: OD | H73: Possible | I73: 1170037.3 | J73: Depend to Connect AAN2398 | K73: to be via MW
B74: AAN3323 | C74: AAN | D74: 23.990772 | E74: 55.213209 | F74: Existing | G74: OD | H74: Not Possible | I74: 0 | K74: to be via MW
B75: AAN3326 | C75: AAN | D75: 24.410132 | E75: 55.733187 | F75: Existing | G75: OD | H75: Possible | I75: 552070.38 | K75: to be via MW
B76: AAN3330 | C76: AAN | D76: 24.0928 | E76: 55.54819 | F76: Existing | G76: OD | H76: Not Possible | I76: 0 | K76: to be via MW
B77: AAN3339 | C77: AAN | D77: 23.905092 | E77: 55.410962 | F77: Existing | G77: OD | H77: Possible | I77: 356682.96 | J77: Depend to Connect AAN2408 | K77: to be via MW
B78: AAN3340 | C78: AAN | D78: 24.560842 | E78: 55.345215 | F78: Existing | G78: OD | H78: Possible | I78: 1272325.2 | J78: Depend to Connect AAN2490 | K78: to be via MW
B79: AAN3346 | C79: AAN | D79: 24.212075 | E79: 55.763341 | F79: Existing | G79: OD | H79: Possible | I79: 346486.03 | K79: to be via MW
B80: AAN3351 | C80: AAN | D80: 24.361455 | E80: 55.699736 | F80: Existing | G80: OD | H80: Possible | I80: 592784.98 | K80: to be via MW
B81: AAN3357 | C81: AAN | D81: 24.445955 | E81: 55.45705 | F81: Existing | G81: OD | H81: Site survey required | I81: 1441423.8 | J81: tentative cost | K81: to be via MW
B82: AAN3366 | C82: AAN | D82: 24.337761 | E82: 55.657836 | F82: Existing | G82: OD | H82: Possible | I82: 918105.6 | K82: to be via MW
B83: AAN3372 | C83: AAN | D83: 24.334646 | E83: 55.322707 | F83: Existing | G83: OD | H83: Possible | I83: 1100598.5 | K83: to be via MW
B84: AAN3392 | C84: AAN | D84: 24.206171 | E84: 55.466075 | F84: Existing | G84: OD | H84: Possible | I84: 40250 | K84: Y2024 fiber scope
B85: AAN3396 | C85: AAN | D85: 23.629861 | E85: 55.537841 | F85: Existing | G85: OD | H85: Possible | I85: 298609.8 | J85: Depend to Connect AAN3230 | K85: to be via MW
B86: AAN3419 | C86: AAN | D86: 24.106169 | E86: 55.984001 | F86: Existing | G86: OD | H86: Possible | I86: 364935.59 | J86: Depend to Connect AAN2914 | K86: to be via MW
B87: AAN3420 | C87: AAN | D87: 24.12168 | E87: 55.60323 | F87: Existing | G87: OD | H87: Possible | I87: 640852.68 | K87: to be via MW
B88: AAN3422 | C88: AAN | D88: 24.13647 | E88: 55.1617 | F88: Existing | G88: OD | H88: Possible | I88: 544732 | K88: to be via MW
B89: AAN3438 | C89: AAN | D89: 24.102703 | E89: 55.052323 | F89: Existing | G89: OD | H89: Possible | I89: 619091 | J89: Depend to Connect AAN2393 | K89: to be via MW
B90: AAN3498 | C90: AAN | D90: 24.39172 | E90: 55.51459 | F90: Existing | G90: OD | H90: Possible | I90: 2067656.1 | K90: to be via MW
B91: AAN3520 | C91: AAN | D91: 24.066246 | E91: 55.5048 | F91: Existing | G91: OD | H91: Possible | I91: 719329.37 | K91: to be via MW
B92: AAN3529 | C92: AAN | D92: 24.197984 | E92: 55.727053 | F92: Existing | G92: OD | H92: OSP Ready | I92: 0 | K92: Y2024 fiber scope
B93: AAN3530 | C93: AAN | D93: 24.196177 | E93: 55.725779 | F93: Existing | G93: OD | H93: Possible | I93: 43467.01 | K93: Y2024 fiber scope
B94: AAN3531 | C94: AAN | D94: 23.96138 | E94: 55.03288 | F94: Existing | G94: OD | H94: Possible | I94: 1893070.4 | J94: Depend to Connect AAN2394,AAN2393 | K94: to be via MW
B95: AAN3534 | C95: AAN | D95: 24.670781 | E95: 55.831476 | F95: Existing | G95: OD | H95: Possible | I95: 1206097.1 | K95: to be via MW
B96: AAN3535 | C96: AAN | D96: 24.064362 | E96: 55.175495 | F96: Existing | G96: OD | H96: Possible | I96: 1280666.7 | J96: Depend to Connect AAN2394 | K96: to be via MW
B97: AAN3537 | C97: AAN | D97: 24.480148 | E97: 55.230475 | F97: Existing | G97: OD | H97: Possible | I97: 514799.45 | K97: to be via MW
B98: AAN3542 | C98: AAN | D98: 24.227683 | E98: 55.299804 | F98: Existing | G98: OD | H98: Possible | I98: 664472 | K98: to be via MW
B99: AAN3552 | C99: AAN | D99: 24.716805 | E99: 55.654359 | F99: Existing | G99: OD | H99: Possible | I99: 620255.15 | K99: to be via MW
B100: AAN3554 | C100: AAN | D100: 24.337685 | E100: 55.713951 | F100: Existing | G100: OD | H100: Possible | I100: 589188.93 | K100: to be via MW
...

Sheet IBS 
A1: Project Code | B1: Sitecode | C1: Region | D1: Latitude | E1: Longitude | F1: Site Type | G1: Scope | H1: Status | I1: Cost | J1: Transport Feedback
B2: IAD5904 | C2: AUH | D2: 24.5205 | E2: 54.4369 | F2: Existing | G2: ibs | H2: Possible | I2: 67357.778 | J2: Y2024 fiber scope
B3: AUH0537 | C3: AUH | D3: 24.433748 | E3: 54.439708 | F3: Existing | G3: ibs | H3: Possible | I3: 53949.727 | J3: Y2024 fiber scope
B4: AUH0553 | C4: AUH | D4: 24.483731 | E4: 54.37823 | F4: Existing | G4: ibs | H4: Possible | I4: 42864 | J4: Y2024 fiber scope
B5: AUH0917 | C5: AUH | D5: 24.424904 | E5: 54.650516 | F5: Existing | G5: ibs | H5: Possible | I5: 196967.85 | J5: to be via MW
B6: AUH0860 | C6: AUH | D6: 24.497805 | E6: 54.368348 | F6: Existing | G6: ibs | H6: Possible | I6: 202297.7 | J6: to be via MW
B7: AUH0981 | C7: AUH | D7: 24.435233 | E7: 54.418416 | F7: Existing | G7: ibs | H7: Possible | I7: 28800 | J7: Y2024 fiber scope
B8: AUH0676 | C8: AUH | D8: 24.0896 | E8: 52.64443 | F8: Existing | G8: ibs | H8: Possible | I8: 54450 | J8: Y2024 fiber scope
B9: AAN0014 | C9: AUH | D9: 24.230733 | E9: 55.733449 | F9: Existing | G9: ibs | H9: POSSIBLE | I9: 116261.73 | J9: to be via MW
B10: AAN0003 | C10: AUH | D10: 24.258603 | E10: 55.616435 | F10: Existing | G10: ibs | H10: Possible | I10: 30600 | J10: Y2024 fiber scope
B11: AAN0005 | C11: AUH | D11: 24.23862 | E11: 55.73709 | F11: Existing | G11: ibs | H11: Possible | I11: 135595.2 | J11: to be via MW
B12: AUH0927 | C12: AUH | D12: 24.417964 | E12: 54.440138 | F12: Existing | G12: ibs | H12: Possible | I12: 62317.328 | J12: Y2024 fiber scope
B13: DXB0371 | C13: AUH | D13: 25.282984 | E13: 55.317734 | F13: Existing | G13: ibs | H13: OSP Provisioned | I13: 30000 | J13: Y2024 fiber scope
... B16: RAK0527 | C16: AUH | D16: 25.685279 | E16: 55.773331 | F16: Existing | G16: ibs | H16: NE Region | I16: 0 | J16: NE Region
B17: AUH0789 | C17: AUH | D17: 24.49847 | E17: 54.39054 | F17: Existing | G17: ibs | H17: PIS with ETC | I17: 0 | J17: to be via MW
B18: AUH0575 | C18: AUH | D18: 24.503046 | E18: 54.370584 | F18: Existing | G18: ibs | H18: Possible | I18: 40808.202 | J18: Y2024 fiber scope
B19: AUH0890 | C19: AUH | D19: 24.326344 | E19: 54.616009 | F19: Existing | G19: ibs | H19: Possible | I19: 30000 | J19: Y2024 fiber scope
B20: AUH0417 | C20: AUH | D20: 24.492308 | E20: 54.36734 | F20: Existing | G20: ibs | H20: Possible | I20: 39214.302 | J20: Y2024 fiber scope
B21: AUH0691 | C21: AUH | D21: 24.38906 | E21: 54.22176 | F21: Existing | G21: ibs | H21: Not Possible | I21: 0 | J21: to be via MW
B22: AUH0419 | C22: AUH | D22: 24.43846 | E22: 54.572373 | F22: Existing | G22: ibs | H22: Possible | I22: 57614.076 | J22: Y2024 fiber scope
B23: AUH0745 | C23: AUH | D23: 24.439077 | E23: 54.571198 | F23: Existing | G23: ibs | H23: Possible | I23: 30000 | J23: Y2024 fiber scope
B24: AUH0420 | C24: AUH | D24: 24.438783 | E24: 54.574251 | F24: Existing | G24: ibs | H24: Possible | I24: 216467.88 | J24: to be via MW
B25: AUH0418 | C25: AUH | D25: 24.572776 | E25: 54.694301 | F25: Existing | G25: ibs | H25: Possible | I25: 30000 | J25: Y2024 fiber scope
B26: AUH0862 | C26: AUH | D26: 24.499492 | E26: 54.370806 | F26: Existing | G26: ibs | H26: POSSIBLE | I26: 152591.04 | J26: to be via MW
B27: AUH0481 | C27: AUH | D27: 24.495098 | E27: 54.374017 | F27: Existing | G27: ibs | H27: Possible | I27: 30000 | J27: Y2024 fiber scope
B28: AUH0405 | C28: AUH | D28: 24.453072° | E28: 54.398531° | F28: Existing | G28: ibs | H28: Possible | I28: 83659.913 | J28: Y2024 fiber scope
B29: AUH0923 | C29: AUH | D29: 24.500071 | E29: 54.371225 | F29: Existing | G29: ibs | H29: Possible | I29: 131049.42 | J29: to be via MW
B30: AAN0027 | C30: AUH | D30: 23.637272 | E30: 55.56563 | F30: Existing | G30: ibs | H30: Possible | I30: 4197157.9 | J30: to be via MW
B31: AUH0527 | C31: AUH | D31: 24.471166 | E31: 54.373715 | F31: Existing | G31: ibs | H31: Possible | I31: 58509.266 | J31: Y2024 fiber scope
B32: AUH0529 | C32: AUH | D32: 24.471312 | E32: 54.37451 | F32: Existing | G32: ibs | H32: Possible | I32: 30000 | J32: Y2024 fiber scope
B33: AUH0528 | C33: AUH | D33: 24.471846 | E33: 54.373934 | F33: Existing | G33: ibs | H33: Possible | I33: 60987.337 | J33: Y2024 fiber scope
B34: AUH5673B | C34: AUH | D34: 24.429202 | E34: 54.640822 | F34: Existing | G34: ibs | H34: Possible | I34: 248391.82 | J34: to be via MW
B35: AUH5532C | C35: AUH | D35: 24.456996 | E35: 54.634034 | F35: Existing | G35: ibs | H35: Possible | I35: 316874.7 | J35: to be via MW
B36: AAN5399D | C36: AUH | D36: 24.5761 | E36: 55.747362 | F36: Existing | G36: ibs | H36: Possible | I36: 112411.74 | J36: to be via MW
B37: AUH5532A | C37: AUH | D37: 24.366026 | E37: 54.192731 | F37: Existing | G37: ibs | H37: Not Possible | I37: 0 | J37: to be via MW
B38: AUH5403D | C38: AUH | D38: 24.277247 | E38: 52.609527 | F38: Existing | G38: ibs | H38: Not Possible | I38: 0 | J38: to be via MW
B39: AAN5399B | C39: AUH | D39: 24.593855 | E39: 55.746089 | F39: Existing | G39: ibs | H39: OSP Provisioned | I39: 30000 | J39: Y2024 fiber scope
B40: AUH5560A | C40: AUH | D40: 24.778891° | E40: 54.737421° | F40: Existing | G40: ibs | H40: Possible | I40: 30000 | J40: Y2024 fiber scope
B41: AUH5560B | C41: AUH | D41: 24.778337 | E41: 54.737494 | F41: Existing | G41: ibs | H41: Possible | I41: 30000 | J41: Y2024 fiber scope
B42: AUH5818F | C42: AUH | D42: 24.252515 | E42: 54.555066 | F42: Existing | G42: ibs | H42: Possible | I42: 258032.7 | J42: to be via MW
B43: AUH5811E | C43: AUH | D43: 24.383027 | E43: 54.499418 | F43: Existing | G43: ibs | H43: Possible | I43: 98820.315 | J43: Y2024 fiber scope
B44: AUH5818E | C44: AUH | D44: 24.326742 | E44: 54.610012 | F44: Existing | G44: ibs | H44: Possible | I44: 324000 | J44: to be via MW
B45: AUH5532D | C45: AUH | D45: 24.558225 | E45: 54.887838 | F45: Existing | G45: ibs | H45: Possible | I45: 72894.047 | J45: Y2024 fiber scope
B46: AUH5532E | C46: AUH | D46: 24.558225 | E46: 54.887838 | F46: Existing | G46: ibs | H46: Possible | I46: 30000 | J46: Y2024 fiber scope
B47: AUH5673C | C47: AUH | D47: 24.533196 | E47: 54.678311 | F47: Existing | G47: ibs | H47: Possible | I47: 86982.234 | J47: Y2024 fiber scope
B48: AUH5673D | C48: AUH | D48: 24.533196 | E48: 54.678311 | F48: Existing | G48: ibs | H48: Possible | I48: 30000 | J48: Y2024 fiber scope
B49: AAN0052 | C49: AUH | D49: 24.224505 | E49: 55.782844 | F49: Existing | G49: ibs | H49: OSP Provisioned | I49: 30000 | J49: Y2024 fiber scope
B50: AAN0031 | C50: AUH | D50: 24.228373 | E50: 55.743546 | F50: Existing | G50: ibs | H50: Possible | I50: 30000 | J50: Y2024 fiber scope
B51: AUH5564A | C51: AUH | D51: 24.45177 | E51: 54.335536 | F51: Existing | G51: ibs | H51: Possible | I51: 30000 | J51: Y2024 fiber scope
B52: AUH0744 | C52: AUH | D52: 24.430617 | E52: 54.436707 | F52: Existing | G52: ibs | H52: Possible | I52: 47126.796 | J52: Y2024 fiber scope
B53: AUH0876 | C53: AUH | D53: 24.478688 | E53: 54.38116 | F53: Existing | G53: ibs | H53: Possible | I53: 63000 | J53: Y2024 fiber scope
B54: AUH0795 | C54: AUH | D54: 24.498592 | E54: 54.370298 | F54: Existing | G54: ibs | H54: Possible | I54: 30000 | J54: Y2024 fiber scope
B55: AUH0953 | C55: AUH | D55: 24.471494 | E55: 54.341079 | F55: Existing | G55: ibs | H55: Tabreed network | I55: #VALUE! | J55: Y2024 fiber scope
B56: AUH0682 | C56: AUH | D56: 24.484676 | E56: 54.363358 | F56: Existing | G56: ibs | H56: Possible | I56: 155096.04 | J56: to be via MW
B57: AAN0036 | C57: AUH | D57: 24.207954 | E57: 55.804412 | F57: Existing | G57: ibs | H57: OSP Provisioned | I57: 30000 | J57: Y2024 fiber scope
B58: AUH0891 | C58: AUH | D58: 24.475556 | E58: 52.309167 | F58: Existing | G58: ibs | H58: NE Region | I58: 0 | J58: NE Region
B59: AUH0191 | C59: AUH | D59: 24.366103 | E59: 52.594567 | F59: Existing | G59: ibs | H59: Not Possible | I59: 0 | J59: to be via MW
B60: AUH0850 | C60: AUH | D60: 24.467252 | E60: 54.385665 | F60: Existing | G60: ibs | H60: Possible | I60: 39215.965 | J60: Y2024 fiber scope
B61: AUH0990 | C61: AUH | D61: 23.854679 | E61: 52.806796 | F61: Existing | G61: ibs | H61: Possible | I61: 95872.26 | J61: Y2024 fiber scope
B62: AUH0844 | C62: AUH | D62: 24.493633 | E62: 54.366884 | F62: Existing | G62: ibs | H62: Possible | I62: 98127.147 | J62: Y2024 fiber scope
B63: AUH0428 | C63: AUH | D63: 24.487778 | E63: 54.365 | F63: Existing | G63: ibs | H63: Possible | I63: 35489.358 | J63: Y2024 fiber scope
B64: AUH0717 | C64: AUH | D64: 24.85763 | E64: 54.89651 | F64: Existing | G64: ibs | H64: OSP Provisioned | I64: 30000 | J64: Y2024 fiber scope
B65: AUH0451 | C65: AUH | D65: 24.492865 | E65: 54.366167 | F65: Existing | G65: ibs | H65: Possible | I65: 55469.768 | J65: Y2024 fiber scope
B66: AAN0007 | C66: AUH | D66: 24.077854 | E66: 55.768162 | F66: Existing | G66: ibs | H66: Possible | I66: 3779216 | J66: to be via MW
B67: AUH0915 | C67: AUH | D67: 24.1271 | E67: 51.623216 | F67: Existing | G67: ibs | H67: Possible | I67: 30000 | J67: Y2024 fiber scope
B68: AUH0552 | C68: AUH | D68: 24.46213 | E68: 54.32933 | F68: Existing | G68: ibs | H68: OSP Provisioned | I68: 30000 | J68: Y2024 fiber scope
B69: AUH0548 | C69: AUH | D69: 24.47792 | E69: 54.37687 | F69: Existing | G69: ibs | H69: Possible | I69: 130800 | J69: to be via MW
B70: AUH0434 | C70: AUH | D70: 24.46319 | E70: 54.32634 | F70: Existing | G70: ibs | H70: OSP Provisioned | I70: 30000 | J70: Y2024 fiber scope
B71: AUH0564 | C71: AUH | D71: 24.45177 | E71: 54.335536 | F71: Existing | G71: ibs | H71: Possible | I71: 313695.48 | J71: to be via MW
B72: AUH0926 | C72: AUH | D72: 24.7945 | E72: 54.652528 | F72: Existing | G72: ibs | H72: Possible | I72: 30000 | J72: Y2024 fiber scope
B73: AUH0903 | C73: AUH | D73: 24.514892 | E73: 54.382554 | F73: Existing | G73: ibs | H73: Not Possible | I73: 0 | J73: to be via MW
B74: AUH0925 | C74: AUH | D74: 24.80294 | E74: 54.64167 | F74: Existing | G74: ibs | H74: Possible | I74: 30000 | J74: Y2024 fiber scope
B75: AUH0907 | C75: AUH | D75: 24.780105 | E75: 54.708789 | F75: Existing | G75: ibs | H75: Possible | I75: 30000 | J75: Y2024 fiber scope
B76: AUH0539 | C76: AUH | D76: 24.448975 | E76: 54.396467 | F76: Existing | G76: ibs | H76: Possible | I76: 80813.152 | J76: Y2024 fiber scope
B77: AUH0857 | C77: AUH | D77: 24.448975 | E77: 54.396467 | F77: Existing | G77: ibs | H77: Possible | I77: 30000 | J77: Y2024 fiber scope
B78: AUH0826 | C78: AUH | D78: 24.420125 | E78: 54.441686 | F78: Existing | G78: ibs | H78: Possible | I78: 42400.439 | J78: Y2024 fiber scope
B79: AUH0511 | C79: AUH | D79: 24.533448 | E79: 54.398533 | F79: Existing | G79: ibs | H79: Possible | I79: 84684.539 | J79: Y2024 fiber scope
B80: AUH0849 | C80: AUH | D80: 24.533448 | E80: 54.398533 | F80: Existing | G80: ibs | H80: Possible | I80: 30000 | J80: Y2024 fiber scope
B81: AUH0672 | C81: AUH | D81: 24.296435 | E81: 54.636188 | F81: Existing | G81: ibs | H81: Possible | I81: 30000 | J81: Y2024 fiber scope
B82: AUH0781 | C82: AUH | D82: 24.494619 | E82: 54.376123 | F82: Existing | G82: ibs | H82: Possible | I82: 30000 | J82: Y2024 fiber scope
B83: AUH0871 | C83: AUH | D83: 24.534562 | E83: 54.41909 | F83: Existing | G83: ibs | H83: Possible | I83: 71568.336 | J83: Y2024 fiber scope
... B104: AUH0912 | C104: AUH | D104: 24.531504 | E104: 54.403252 | F104: Existing | G104: ibs | H104: Possible | I104: 42000 | J104: Y2024 fiber scope
B105: AUH0483 | C105: AUH | D105: 24.483246 | E105: 54.360439 | F105: Existing | G105: ibs | H105: Possible | I105: 59482.584 | J105: Y2024 fiber scope
B106: AUH0764 | C106: AUH | D106: 24.483246 | E106: 54.360439 | F106: Existing | G106: ibs | H106: POSSIBLE | I106: 48281.712 | J106: Y2024 fiber scope
B107: AUH0411 | C107: AUH | D107: 24.50255 | E107: 54.36796 | F107: Existing | G107: ibs | H107: Possible | I107: 142931.16 | J107: to be via MW
B108: AUH0545 | C108: AUH | D108: 24.50216 | E108: 54.36763 | F108: Existing | G108: ibs | H108: Exact Coordinates Required | I108: 0 | J108: to be via MW
B109: AUH0956 | C109: AUH | D109: 24.468942 | E109: 54.337636 | F109: Existing | G109: ibs | H109: Possible | I109: 187754.52 | J109: to be via MW
B110: AUH0544 | C110: AUH | D110: 24.498293 | E110: 54.370564° | F110: Existing | G110: ibs | H110: Possible | I110: 45340.145 | J110: Y2024 fiber scope
B111: AAN0040 | C111: AUH | D111: 24.175163 | E111: 55.739113 | F111: Existing | G111: ibs | H111: Possible | I111: 258450.63 | J111: to be via MW
B112: AUH0567 | C112: AUH | D112: 24.58235 | E112: 51.73086 | F112: Existing | G112: ibs | H112: Not Possible | I112: 0 | J112: to be via MW
B113: AUH0566 | C113: AUH | D113: 24.58001 | E113: 51.72685 | F113: Existing | G113: ibs | H113: Not Possible | I113: 0 | J113: to be via MW
B114: AUH0512 | C114: AUH | D114: 24.505648 | E114: 54.375622 | F114: Existing | G114: ibs | H114: OSP Provisioned | I114: 44416.792 | J114: Y2024 fiber scope
B115: AUH0884 | C115: AUH | D115: 24.53775 | E115: 54.425575 | F115: Existing | G115: ibs | H115: Possible | I115: 32554.224 | J115: Y2024 fiber scope
B116: AUH0870 | C116: AUH | D116: 24.538315 | E116: 54.424224 | F116: Existing | G116: ibs | H116: NOT POSSIBLE | I116: 0 | J116: to be via MW
B117: AAN0017 | C117: AUH | D117: 24.285969 | E117: 55.622562 | F117: Existing | G117: ibs | H117: Possible | I117: 556585.37 | J117: to be via MW
B118: AUH0823 | C118: AUH | D118: 24.493911 | E118: 54.362787 | F118: Existing | G118: ibs | H118: Possible | I118: 30000 | J118: Y2024 fiber scope
B119: AUH0874 | C119: AUH | D119: 24.454377 | E119: 54.344999 | F119: Existing | G119: ibs | H119: POSSIBLE | I119: 245131.92 | J119: to be via MW
B120: AUH0531 | C120: AUH | D120: 23.533686 | E120: 53.801038 | F120: Existing | G120: ibs | H120: OSP Provisioned | I120: 33000 | J120: Y2024 fiber scope
B121: AUH0760 | C121: AUH | D121: 24.4851 | E121: 54.3814 | F121: Existing | G121: ibs | H121: Possible | I121: 106800 | J121: to be via MW
B122: AAN0050 | C122: AUH | D122: 24.195685 | E122: 55.644086 | F122: Existing | G122: ibs | H122: OSP Provisioned | I122: 279641.67 | J122: Y2024 fiber scope
...
